Date,Currency,Exchange
01-01-2015,USD,1
01-01-2015,CAD,1.1583
01-01-2015,AUD,1.2214
01-01-2015,EUR,0.8237
01-01-2015,GBP,0.6415
02-01-2015,USD,1
02-01-2015,CAD,1.1682
02-01-2015,AUD,1.2323
02-01-2015,EUR,0.8304
02-01-2015,GBP,0.6477
03-01-2015,USD,1
03-01-2015,CAD,1.1682
03-01-2015,AUD,1.2323
03-01-2015,EUR,0.8304
03-01-2015,GBP,0.6477
04-01-2015,USD,1
04-01-2015,CAD,1.1682
04-01-2015,AUD,1.2323
04-01-2015,EUR,0.8304
04-01-2015,GBP,0.6477
05-01-2015,USD,1
05-01-2015,CAD,1.1784
05-01-2015,AUD,1.2384
05-01-2015,EUR,0.8393
05-01-2015,GBP,0.6569
06-01-2015,USD,1
06-01-2015,CAD,1.1763
06-01-2015,AUD,1.2288
06-01-2015,EUR,0.8393
06-01-2015,GBP,0.6582
07-01-2015,USD,1
07-01-2015,CAD,1.183
07-01-2015,AUD,1.2391
07-01-2015,EUR,0.8452
07-01-2015,GBP,0.6612
08-01-2015,USD,1
08-01-2015,CAD,1.1816
08-01-2015,AUD,1.2337
08-01-2015,EUR,0.8498
08-01-2015,GBP,0.6637
09-01-2015,USD,1
09-01-2015,CAD,1.182
09-01-2015,AUD,1.228
09-01-2015,EUR,0.8465
09-01-2015,GBP,0.6602
10-01-2015,USD,1
10-01-2015,CAD,1.182
10-01-2015,AUD,1.228
10-01-2015,EUR,0.8465
10-01-2015,GBP,0.6602
11-01-2015,USD,1
11-01-2015,CAD,1.182
11-01-2015,AUD,1.228
11-01-2015,EUR,0.8465
11-01-2015,GBP,0.6602
12-01-2015,USD,1
12-01-2015,CAD,1.1897
12-01-2015,AUD,1.2282
12-01-2015,EUR,0.8472
12-01-2015,GBP,0.66
13-01-2015,USD,1
13-01-2015,CAD,1.1966
13-01-2015,AUD,1.2257
13-01-2015,EUR,0.8488
13-01-2015,GBP,0.6592
14-01-2015,USD,1
14-01-2015,CAD,1.1965
14-01-2015,AUD,1.2291
14-01-2015,EUR,0.8493
14-01-2015,GBP,0.6584
15-01-2015,USD,1
15-01-2015,CAD,1.1834
15-01-2015,AUD,1.208
15-01-2015,EUR,0.8541
15-01-2015,GBP,0.6553
16-01-2015,USD,1
16-01-2015,CAD,1.2035
16-01-2015,AUD,1.2179
16-01-2015,EUR,0.863
16-01-2015,GBP,0.659
17-01-2015,USD,1
17-01-2015,CAD,1.2035
17-01-2015,AUD,1.2179
17-01-2015,EUR,0.863
17-01-2015,GBP,0.659
18-01-2015,USD,1
18-01-2015,CAD,1.2035
18-01-2015,AUD,1.2179
18-01-2015,EUR,0.863
18-01-2015,GBP,0.659
19-01-2015,USD,1
19-01-2015,CAD,1.1983
19-01-2015,AUD,1.2179
19-01-2015,EUR,0.8617
19-01-2015,GBP,0.6604
20-01-2015,USD,1
20-01-2015,CAD,1.2013
20-01-2015,AUD,1.2197
20-01-2015,EUR,0.8636
20-01-2015,GBP,0.6596
21-01-2015,USD,1
21-01-2015,CAD,1.2075
21-01-2015,AUD,1.2174
21-01-2015,EUR,0.8626
21-01-2015,GBP,0.6617
22-01-2015,USD,1
22-01-2015,CAD,1.2354
22-01-2015,AUD,1.2308
22-01-2015,EUR,0.8607
22-01-2015,GBP,0.6579
23-01-2015,USD,1
23-01-2015,CAD,1.2446
23-01-2015,AUD,1.2653
23-01-2015,EUR,0.893
23-01-2015,GBP,0.6674
24-01-2015,USD,1
24-01-2015,CAD,1.2446
24-01-2015,AUD,1.2653
24-01-2015,EUR,0.893
24-01-2015,GBP,0.6674
25-01-2015,USD,1
25-01-2015,CAD,1.2446
25-01-2015,AUD,1.2653
25-01-2015,EUR,0.893
25-01-2015,GBP,0.6674
26-01-2015,USD,1
26-01-2015,CAD,1.2459
26-01-2015,AUD,1.2653
26-01-2015,EUR,0.8894
26-01-2015,GBP,0.6661
27-01-2015,USD,1
27-01-2015,CAD,1.2458
27-01-2015,AUD,1.2589
27-01-2015,EUR,0.8845
27-01-2015,GBP,0.6609
28-01-2015,USD,1
28-01-2015,CAD,1.2421
28-01-2015,AUD,1.2548
28-01-2015,EUR,0.8815
28-01-2015,GBP,0.6581
29-01-2015,USD,1
29-01-2015,CAD,1.2531
29-01-2015,AUD,1.2846
29-01-2015,EUR,0.8838
29-01-2015,GBP,0.6608
30-01-2015,USD,1
30-01-2015,CAD,1.267
30-01-2015,AUD,1.2857
30-01-2015,EUR,0.8846
30-01-2015,GBP,0.6644
31-01-2015,USD,1
31-01-2015,CAD,1.267
31-01-2015,AUD,1.2857
31-01-2015,EUR,0.8846
31-01-2015,GBP,0.6644
01-02-2015,USD,1
01-02-2015,CAD,1.267
01-02-2015,AUD,1.2857
01-02-2015,EUR,0.8846
01-02-2015,GBP,0.6644
02-02-2015,USD,1
02-02-2015,CAD,1.2672
02-02-2015,AUD,1.2841
02-02-2015,EUR,0.8842
02-02-2015,GBP,0.6654
03-02-2015,USD,1
03-02-2015,CAD,1.2584
03-02-2015,AUD,1.3009
03-02-2015,EUR,0.879
03-02-2015,GBP,0.6628
04-02-2015,USD,1
04-02-2015,CAD,1.2452
04-02-2015,AUD,1.2862
04-02-2015,EUR,0.8737
04-02-2015,GBP,0.6566
05-02-2015,USD,1
05-02-2015,CAD,1.2524
05-02-2015,AUD,1.281
05-02-2015,EUR,0.8764
05-02-2015,GBP,0.6557
06-02-2015,USD,1
06-02-2015,CAD,1.2445
06-02-2015,AUD,1.273
06-02-2015,EUR,0.8736
06-02-2015,GBP,0.6528
07-02-2015,USD,1
07-02-2015,CAD,1.2445
07-02-2015,AUD,1.273
07-02-2015,EUR,0.8736
07-02-2015,GBP,0.6528
08-02-2015,USD,1
08-02-2015,CAD,1.2445
08-02-2015,AUD,1.273
08-02-2015,EUR,0.8736
08-02-2015,GBP,0.6528
09-02-2015,USD,1
09-02-2015,CAD,1.25
09-02-2015,AUD,1.2798
09-02-2015,EUR,0.8869
09-02-2015,GBP,0.6576
10-02-2015,USD,1
10-02-2015,CAD,1.2471
10-02-2015,AUD,1.2855
10-02-2015,EUR,0.8852
10-02-2015,GBP,0.6568
11-02-2015,USD,1
11-02-2015,CAD,1.2611
11-02-2015,AUD,1.291
11-02-2015,EUR,0.8839
11-02-2015,GBP,0.6537
12-02-2015,USD,1
12-02-2015,CAD,1.256
12-02-2015,AUD,1.3031
12-02-2015,EUR,0.8828
12-02-2015,GBP,0.6511
13-02-2015,USD,1
13-02-2015,CAD,1.2508
13-02-2015,AUD,1.2907
13-02-2015,EUR,0.8787
13-02-2015,GBP,0.6503
14-02-2015,USD,1
14-02-2015,CAD,1.2508
14-02-2015,AUD,1.2907
14-02-2015,EUR,0.8787
14-02-2015,GBP,0.6503
15-02-2015,USD,1
15-02-2015,CAD,1.2508
15-02-2015,AUD,1.2907
15-02-2015,EUR,0.8787
15-02-2015,GBP,0.6503
16-02-2015,USD,1
16-02-2015,CAD,1.2453
16-02-2015,AUD,1.2859
16-02-2015,EUR,0.8766
16-02-2015,GBP,0.6505
17-02-2015,USD,1
17-02-2015,CAD,1.2374
17-02-2015,AUD,1.2784
17-02-2015,EUR,0.876
17-02-2015,GBP,0.6512
18-02-2015,USD,1
18-02-2015,CAD,1.245
18-02-2015,AUD,1.2837
18-02-2015,EUR,0.8794
18-02-2015,GBP,0.6483
19-02-2015,USD,1
19-02-2015,CAD,1.252
19-02-2015,AUD,1.285
19-02-2015,EUR,0.8782
19-02-2015,GBP,0.648
20-02-2015,USD,1
20-02-2015,CAD,1.2456
20-02-2015,AUD,1.2745
20-02-2015,EUR,0.8851
20-02-2015,GBP,0.6504
21-02-2015,USD,1
21-02-2015,CAD,1.2456
21-02-2015,AUD,1.2745
21-02-2015,EUR,0.8851
21-02-2015,GBP,0.6504
22-02-2015,USD,1
22-02-2015,CAD,1.2456
22-02-2015,AUD,1.2745
22-02-2015,EUR,0.8851
22-02-2015,GBP,0.6504
23-02-2015,USD,1
23-02-2015,CAD,1.2618
23-02-2015,AUD,1.2843
23-02-2015,EUR,0.8851
23-02-2015,GBP,0.6507
24-02-2015,USD,1
24-02-2015,CAD,1.2643
24-02-2015,AUD,1.2896
24-02-2015,EUR,0.8828
24-02-2015,GBP,0.6483
25-02-2015,USD,1
25-02-2015,CAD,1.2441
25-02-2015,AUD,1.2681
25-02-2015,EUR,0.8814
25-02-2015,GBP,0.6459
26-02-2015,USD,1
26-02-2015,CAD,1.247
26-02-2015,AUD,1.2686
26-02-2015,EUR,0.8836
26-02-2015,GBP,0.6451
27-02-2015,USD,1
27-02-2015,CAD,1.2451
27-02-2015,AUD,1.2774
27-02-2015,EUR,0.8897
27-02-2015,GBP,0.6475
28-02-2015,USD,1
28-02-2015,CAD,1.2451
28-02-2015,AUD,1.2774
28-02-2015,EUR,0.8897
28-02-2015,GBP,0.6475
01-03-2015,USD,1
01-03-2015,CAD,1.2451
01-03-2015,AUD,1.2774
01-03-2015,EUR,0.8897
01-03-2015,GBP,0.6475
02-03-2015,USD,1
02-03-2015,CAD,1.2492
02-03-2015,AUD,1.2856
02-03-2015,EUR,0.8907
02-03-2015,GBP,0.6497
03-03-2015,USD,1
03-03-2015,CAD,1.2519
03-03-2015,AUD,1.2794
03-03-2015,EUR,0.8954
03-03-2015,GBP,0.6515
04-03-2015,USD,1
04-03-2015,CAD,1.2515
04-03-2015,AUD,1.2757
04-03-2015,EUR,0.899
04-03-2015,GBP,0.6526
05-03-2015,USD,1
05-03-2015,CAD,1.244
05-03-2015,AUD,1.2833
05-03-2015,EUR,0.9034
05-03-2015,GBP,0.6551
06-03-2015,USD,1
06-03-2015,CAD,1.2466
06-03-2015,AUD,1.2761
06-03-2015,EUR,0.9122
06-03-2015,GBP,0.6586
07-03-2015,USD,1
07-03-2015,CAD,1.2466
07-03-2015,AUD,1.2761
07-03-2015,EUR,0.9122
07-03-2015,GBP,0.6586
08-03-2015,USD,1
08-03-2015,CAD,1.2466
08-03-2015,AUD,1.2761
08-03-2015,EUR,0.9122
08-03-2015,GBP,0.6586
09-03-2015,USD,1
09-03-2015,CAD,1.2591
09-03-2015,AUD,1.2931
09-03-2015,EUR,0.9208
09-03-2015,GBP,0.6617
10-03-2015,USD,1
10-03-2015,CAD,1.2634
10-03-2015,AUD,1.3069
10-03-2015,EUR,0.9313
10-03-2015,GBP,0.6638
11-03-2015,USD,1
11-03-2015,CAD,1.2698
11-03-2015,AUD,1.314
11-03-2015,EUR,0.9454
11-03-2015,GBP,0.6651
12-03-2015,USD,1
12-03-2015,CAD,1.2656
12-03-2015,AUD,1.2976
12-03-2015,EUR,0.9422
12-03-2015,GBP,0.6681
13-03-2015,USD,1
13-03-2015,CAD,1.2734
13-03-2015,AUD,1.3053
13-03-2015,EUR,0.9459
13-03-2015,GBP,0.6766
14-03-2015,USD,1
14-03-2015,CAD,1.2734
14-03-2015,AUD,1.3053
14-03-2015,EUR,0.9459
14-03-2015,GBP,0.6766
15-03-2015,USD,1
15-03-2015,CAD,1.2734
15-03-2015,AUD,1.3053
15-03-2015,EUR,0.9459
15-03-2015,GBP,0.6766
16-03-2015,USD,1
16-03-2015,CAD,1.2781
16-03-2015,AUD,1.3069
16-03-2015,EUR,0.9472
16-03-2015,GBP,0.6755
17-03-2015,USD,1
17-03-2015,CAD,1.2774
17-03-2015,AUD,1.3083
17-03-2015,EUR,0.9403
17-03-2015,GBP,0.677
18-03-2015,USD,1
18-03-2015,CAD,1.2824
18-03-2015,AUD,1.3124
18-03-2015,EUR,0.9441
18-03-2015,GBP,0.6826
19-03-2015,USD,1
19-03-2015,CAD,1.2717
19-03-2015,AUD,1.308
19-03-2015,EUR,0.9366
19-03-2015,GBP,0.6728
20-03-2015,USD,1
20-03-2015,CAD,1.2672
20-03-2015,AUD,1.2981
20-03-2015,EUR,0.928
20-03-2015,GBP,0.6733
21-03-2015,USD,1
21-03-2015,CAD,1.2672
21-03-2015,AUD,1.2981
21-03-2015,EUR,0.928
21-03-2015,GBP,0.6733
22-03-2015,USD,1
22-03-2015,CAD,1.2672
22-03-2015,AUD,1.2981
22-03-2015,EUR,0.928
22-03-2015,GBP,0.6733
23-03-2015,USD,1
23-03-2015,CAD,1.2525
23-03-2015,AUD,1.2773
23-03-2015,EUR,0.9164
23-03-2015,GBP,0.6706
24-03-2015,USD,1
24-03-2015,CAD,1.2465
24-03-2015,AUD,1.2642
24-03-2015,EUR,0.9132
24-03-2015,GBP,0.6707
25-03-2015,USD,1
25-03-2015,CAD,1.2482
25-03-2015,AUD,1.2676
25-03-2015,EUR,0.9103
25-03-2015,GBP,0.6705
26-03-2015,USD,1
26-03-2015,CAD,1.2442
26-03-2015,AUD,1.2749
26-03-2015,EUR,0.9113
26-03-2015,GBP,0.6717
27-03-2015,USD,1
27-03-2015,CAD,1.2509
27-03-2015,AUD,1.2841
27-03-2015,EUR,0.9211
27-03-2015,GBP,0.6723
28-03-2015,USD,1
28-03-2015,CAD,1.2509
28-03-2015,AUD,1.2841
28-03-2015,EUR,0.9211
28-03-2015,GBP,0.6723
29-03-2015,USD,1
29-03-2015,CAD,1.2509
29-03-2015,AUD,1.2841
29-03-2015,EUR,0.9211
29-03-2015,GBP,0.6723
30-03-2015,USD,1
30-03-2015,CAD,1.2641
30-03-2015,AUD,1.3055
30-03-2015,EUR,0.9221
30-03-2015,GBP,0.6757
31-03-2015,USD,1
31-03-2015,CAD,1.2769
31-03-2015,AUD,1.3155
31-03-2015,EUR,0.9295
31-03-2015,GBP,0.676
01-04-2015,USD,1
01-04-2015,CAD,1.2675
01-04-2015,AUD,1.3159
01-04-2015,EUR,0.9298
01-04-2015,GBP,0.6774
02-04-2015,USD,1
02-04-2015,CAD,1.2644
02-04-2015,AUD,1.3244
02-04-2015,EUR,0.9234
02-04-2015,GBP,0.6755
03-04-2015,USD,1
03-04-2015,CAD,1.2644
03-04-2015,AUD,1.3244
03-04-2015,EUR,0.9234
03-04-2015,GBP,0.6755
04-04-2015,USD,1
04-04-2015,CAD,1.2644
04-04-2015,AUD,1.3244
04-04-2015,EUR,0.9234
04-04-2015,GBP,0.6755
05-04-2015,USD,1
05-04-2015,CAD,1.2644
05-04-2015,AUD,1.3244
05-04-2015,EUR,0.9234
05-04-2015,GBP,0.6755
06-04-2015,USD,1
06-04-2015,CAD,1.2644
06-04-2015,AUD,1.3244
06-04-2015,EUR,0.9234
06-04-2015,GBP,0.6755
07-04-2015,USD,1
07-04-2015,CAD,1.2504
07-04-2015,AUD,1.3084
07-04-2015,EUR,0.9219
07-04-2015,GBP,0.6717
08-04-2015,USD,1
08-04-2015,CAD,1.2417
08-04-2015,AUD,1.2961
08-04-2015,EUR,0.9206
08-04-2015,GBP,0.6688
09-04-2015,USD,1
09-04-2015,CAD,1.2524
09-04-2015,AUD,1.2949
09-04-2015,EUR,0.9282
09-04-2015,GBP,0.6746
10-04-2015,USD,1
10-04-2015,CAD,1.2664
10-04-2015,AUD,1.3079
10-04-2015,EUR,0.9461
10-04-2015,GBP,0.6853
11-04-2015,USD,1
11-04-2015,CAD,1.2664
11-04-2015,AUD,1.3079
11-04-2015,EUR,0.9461
11-04-2015,GBP,0.6853
12-04-2015,USD,1
12-04-2015,CAD,1.2664
12-04-2015,AUD,1.3079
12-04-2015,EUR,0.9461
12-04-2015,GBP,0.6853
13-04-2015,USD,1
13-04-2015,CAD,1.2627
13-04-2015,AUD,1.3197
13-04-2015,EUR,0.9477
13-04-2015,GBP,0.6838
14-04-2015,USD,1
14-04-2015,CAD,1.2582
14-04-2015,AUD,1.3192
14-04-2015,EUR,0.9466
14-04-2015,GBP,0.6832
15-04-2015,USD,1
15-04-2015,CAD,1.255
15-04-2015,AUD,1.3182
15-04-2015,EUR,0.9453
15-04-2015,GBP,0.6776
16-04-2015,USD,1
16-04-2015,CAD,1.2305
16-04-2015,AUD,1.2875
16-04-2015,EUR,0.9336
16-04-2015,GBP,0.6712
17-04-2015,USD,1
17-04-2015,CAD,1.2191
17-04-2015,AUD,1.28
17-04-2015,EUR,0.9247
17-04-2015,GBP,0.6657
18-04-2015,USD,1
18-04-2015,CAD,1.2191
18-04-2015,AUD,1.28
18-04-2015,EUR,0.9247
18-04-2015,GBP,0.6657
19-04-2015,USD,1
19-04-2015,CAD,1.2191
19-04-2015,AUD,1.28
19-04-2015,EUR,0.9247
19-04-2015,GBP,0.6657
20-04-2015,USD,1
20-04-2015,CAD,1.2252
20-04-2015,AUD,1.2891
20-04-2015,EUR,0.9326
20-04-2015,GBP,0.671
21-04-2015,USD,1
21-04-2015,CAD,1.2229
21-04-2015,AUD,1.2917
21-04-2015,EUR,0.9346
21-04-2015,GBP,0.6717
22-04-2015,USD,1
22-04-2015,CAD,1.2242
22-04-2015,AUD,1.2842
22-04-2015,EUR,0.9308
22-04-2015,GBP,0.6636
23-04-2015,USD,1
23-04-2015,CAD,1.2226
23-04-2015,AUD,1.2938
23-04-2015,EUR,0.9283
23-04-2015,GBP,0.6656
24-04-2015,USD,1
24-04-2015,CAD,1.2119
24-04-2015,AUD,1.2827
24-04-2015,EUR,0.9239
24-04-2015,GBP,0.6614
25-04-2015,USD,1
25-04-2015,CAD,1.2119
25-04-2015,AUD,1.2827
25-04-2015,EUR,0.9239
25-04-2015,GBP,0.6614
26-04-2015,USD,1
26-04-2015,CAD,1.2119
26-04-2015,AUD,1.2827
26-04-2015,EUR,0.9239
26-04-2015,GBP,0.6614
27-04-2015,USD,1
27-04-2015,CAD,1.2156
27-04-2015,AUD,1.2814
27-04-2015,EUR,0.924
27-04-2015,GBP,0.6618
28-04-2015,USD,1
28-04-2015,CAD,1.2069
28-04-2015,AUD,1.2585
28-04-2015,EUR,0.9152
28-04-2015,GBP,0.6543
29-04-2015,USD,1
29-04-2015,CAD,1.2054
29-04-2015,AUD,1.2509
29-04-2015,EUR,0.9089
29-04-2015,GBP,0.6509
30-04-2015,USD,1
30-04-2015,CAD,1.202
30-04-2015,AUD,1.2627
30-04-2015,EUR,0.8917
30-04-2015,GBP,0.648
01-05-2015,USD,1
01-05-2015,CAD,1.202
01-05-2015,AUD,1.2627
01-05-2015,EUR,0.8917
01-05-2015,GBP,0.648
02-05-2015,USD,1
02-05-2015,CAD,1.202
02-05-2015,AUD,1.2627
02-05-2015,EUR,0.8917
02-05-2015,GBP,0.648
03-05-2015,USD,1
03-05-2015,CAD,1.202
03-05-2015,AUD,1.2627
03-05-2015,EUR,0.8917
03-05-2015,GBP,0.648
04-05-2015,USD,1
04-05-2015,CAD,1.2116
04-05-2015,AUD,1.2756
04-05-2015,EUR,0.8967
04-05-2015,GBP,0.6617
05-05-2015,USD,1
05-05-2015,CAD,1.209
05-05-2015,AUD,1.27
05-05-2015,EUR,0.8995
05-05-2015,GBP,0.6611
06-05-2015,USD,1
06-05-2015,CAD,1.201
06-05-2015,AUD,1.2493
06-05-2015,EUR,0.8905
06-05-2015,GBP,0.6568
07-05-2015,USD,1
07-05-2015,CAD,1.207
07-05-2015,AUD,1.2548
07-05-2015,EUR,0.8846
07-05-2015,GBP,0.6568
08-05-2015,USD,1
08-05-2015,CAD,1.2103
08-05-2015,AUD,1.2638
08-05-2015,EUR,0.8912
08-05-2015,GBP,0.6488
09-05-2015,USD,1
09-05-2015,CAD,1.2103
09-05-2015,AUD,1.2638
09-05-2015,EUR,0.8912
09-05-2015,GBP,0.6488
10-05-2015,USD,1
10-05-2015,CAD,1.2103
10-05-2015,AUD,1.2638
10-05-2015,EUR,0.8912
10-05-2015,GBP,0.6488
11-05-2015,USD,1
11-05-2015,CAD,1.2114
11-05-2015,AUD,1.267
11-05-2015,EUR,0.8975
11-05-2015,GBP,0.6458
12-05-2015,USD,1
12-05-2015,CAD,1.204
12-05-2015,AUD,1.2519
12-05-2015,EUR,0.8898
12-05-2015,GBP,0.6374
13-05-2015,USD,1
13-05-2015,CAD,1.1974
13-05-2015,AUD,1.2428
13-05-2015,EUR,0.8912
13-05-2015,GBP,0.6393
14-05-2015,USD,1
14-05-2015,CAD,1.1949
14-05-2015,AUD,1.2336
14-05-2015,EUR,0.8757
14-05-2015,GBP,0.6332
15-05-2015,USD,1
15-05-2015,CAD,1.2037
15-05-2015,AUD,1.2499
15-05-2015,EUR,0.8828
15-05-2015,GBP,0.6366
16-05-2015,USD,1
16-05-2015,CAD,1.2037
16-05-2015,AUD,1.2499
16-05-2015,EUR,0.8828
16-05-2015,GBP,0.6366
17-05-2015,USD,1
17-05-2015,CAD,1.2037
17-05-2015,AUD,1.2499
17-05-2015,EUR,0.8828
17-05-2015,GBP,0.6366
18-05-2015,USD,1
18-05-2015,CAD,1.2058
18-05-2015,AUD,1.2493
18-05-2015,EUR,0.878
18-05-2015,GBP,0.6383
19-05-2015,USD,1
19-05-2015,CAD,1.2181
19-05-2015,AUD,1.2547
19-05-2015,EUR,0.8945
19-05-2015,GBP,0.6457
20-05-2015,USD,1
20-05-2015,CAD,1.2213
20-05-2015,AUD,1.2655
20-05-2015,EUR,0.8994
20-05-2015,GBP,0.6437
21-05-2015,USD,1
21-05-2015,CAD,1.2216
21-05-2015,AUD,1.2676
21-05-2015,EUR,0.8982
21-05-2015,GBP,0.6377
22-05-2015,USD,1
22-05-2015,CAD,1.22
22-05-2015,AUD,1.2686
22-05-2015,EUR,0.8957
22-05-2015,GBP,0.6394
23-05-2015,USD,1
23-05-2015,CAD,1.22
23-05-2015,AUD,1.2686
23-05-2015,EUR,0.8957
23-05-2015,GBP,0.6394
24-05-2015,USD,1
24-05-2015,CAD,1.22
24-05-2015,AUD,1.2686
24-05-2015,EUR,0.8957
24-05-2015,GBP,0.6394
25-05-2015,USD,1
25-05-2015,CAD,1.2294
25-05-2015,AUD,1.2774
25-05-2015,EUR,0.9109
25-05-2015,GBP,0.6467
26-05-2015,USD,1
26-05-2015,CAD,1.2374
26-05-2015,AUD,1.2832
26-05-2015,EUR,0.9152
26-05-2015,GBP,0.6495
27-05-2015,USD,1
27-05-2015,CAD,1.2456
27-05-2015,AUD,1.297
27-05-2015,EUR,0.9206
27-05-2015,GBP,0.6508
28-05-2015,USD,1
28-05-2015,CAD,1.2476
28-05-2015,AUD,1.3094
28-05-2015,EUR,0.9178
28-05-2015,GBP,0.6538
29-05-2015,USD,1
29-05-2015,CAD,1.2443
29-05-2015,AUD,1.307
29-05-2015,EUR,0.9116
29-05-2015,GBP,0.6554
30-05-2015,USD,1
30-05-2015,CAD,1.2443
30-05-2015,AUD,1.307
30-05-2015,EUR,0.9116
30-05-2015,GBP,0.6554
31-05-2015,USD,1
31-05-2015,CAD,1.2443
31-05-2015,AUD,1.307
31-05-2015,EUR,0.9116
31-05-2015,GBP,0.6554
01-06-2015,USD,1
01-06-2015,CAD,1.2494
01-06-2015,AUD,1.3104
01-06-2015,EUR,0.9137
01-06-2015,GBP,0.6572
02-06-2015,USD,1
02-06-2015,CAD,1.2498
02-06-2015,AUD,1.3004
02-06-2015,EUR,0.9067
02-06-2015,GBP,0.6567
03-06-2015,USD,1
03-06-2015,CAD,1.2445
03-06-2015,AUD,1.2862
03-06-2015,EUR,0.8981
03-06-2015,GBP,0.6534
04-06-2015,USD,1
04-06-2015,CAD,1.2449
04-06-2015,AUD,1.2917
04-06-2015,EUR,0.8836
04-06-2015,GBP,0.6498
05-06-2015,USD,1
05-06-2015,CAD,1.25
05-06-2015,AUD,1.2956
05-06-2015,EUR,0.8914
05-06-2015,GBP,0.6523
06-06-2015,USD,1
06-06-2015,CAD,1.25
06-06-2015,AUD,1.2956
06-06-2015,EUR,0.8914
06-06-2015,GBP,0.6523
07-06-2015,USD,1
07-06-2015,CAD,1.25
07-06-2015,AUD,1.2956
07-06-2015,EUR,0.8914
07-06-2015,GBP,0.6523
08-06-2015,USD,1
08-06-2015,CAD,1.2434
08-06-2015,AUD,1.3094
08-06-2015,EUR,0.8959
08-06-2015,GBP,0.6556
09-06-2015,USD,1
09-06-2015,CAD,1.2347
09-06-2015,AUD,1.2984
09-06-2015,EUR,0.889
09-06-2015,GBP,0.6537
10-06-2015,USD,1
10-06-2015,CAD,1.2236
10-06-2015,AUD,1.2919
10-06-2015,EUR,0.8866
10-06-2015,GBP,0.6458
11-06-2015,USD,1
11-06-2015,CAD,1.2321
11-06-2015,AUD,1.2939
11-06-2015,EUR,0.8903
11-06-2015,GBP,0.6469
12-06-2015,USD,1
12-06-2015,CAD,1.2303
12-06-2015,AUD,1.2977
12-06-2015,EUR,0.8913
12-06-2015,GBP,0.6457
13-06-2015,USD,1
13-06-2015,CAD,1.2303
13-06-2015,AUD,1.2977
13-06-2015,EUR,0.8913
13-06-2015,GBP,0.6457
14-06-2015,USD,1
14-06-2015,CAD,1.2303
14-06-2015,AUD,1.2977
14-06-2015,EUR,0.8913
14-06-2015,GBP,0.6457
15-06-2015,USD,1
15-06-2015,CAD,1.2342
15-06-2015,AUD,1.2895
15-06-2015,EUR,0.8914
15-06-2015,GBP,0.6449
16-06-2015,USD,1
16-06-2015,CAD,1.2343
16-06-2015,AUD,1.2913
16-06-2015,EUR,0.8917
16-06-2015,GBP,0.6404
17-06-2015,USD,1
17-06-2015,CAD,1.2312
17-06-2015,AUD,1.3028
17-06-2015,EUR,0.8866
17-06-2015,GBP,0.6357
18-06-2015,USD,1
18-06-2015,CAD,1.216
18-06-2015,AUD,1.2776
18-06-2015,EUR,0.8769
18-06-2015,GBP,0.6285
19-06-2015,USD,1
19-06-2015,CAD,1.2271
19-06-2015,AUD,1.2914
19-06-2015,EUR,0.885
19-06-2015,GBP,0.6314
20-06-2015,USD,1
20-06-2015,CAD,1.2271
20-06-2015,AUD,1.2914
20-06-2015,EUR,0.885
20-06-2015,GBP,0.6314
21-06-2015,USD,1
21-06-2015,CAD,1.2271
21-06-2015,AUD,1.2914
21-06-2015,EUR,0.885
21-06-2015,GBP,0.6314
22-06-2015,USD,1
22-06-2015,CAD,1.2234
22-06-2015,AUD,1.2883
22-06-2015,EUR,0.8814
22-06-2015,GBP,0.6319
23-06-2015,USD,1
23-06-2015,CAD,1.2339
23-06-2015,AUD,1.2976
23-06-2015,EUR,0.8925
23-06-2015,GBP,0.6338
24-06-2015,USD,1
24-06-2015,CAD,1.2301
24-06-2015,AUD,1.2907
24-06-2015,EUR,0.8918
24-06-2015,GBP,0.6348
25-06-2015,USD,1
25-06-2015,CAD,1.2384
25-06-2015,AUD,1.2919
25-06-2015,EUR,0.8924
25-06-2015,GBP,0.6359
26-06-2015,USD,1
26-06-2015,CAD,1.2365
26-06-2015,AUD,1.3061
26-06-2015,EUR,0.8927
26-06-2015,GBP,0.6359
27-06-2015,USD,1
27-06-2015,CAD,1.2365
27-06-2015,AUD,1.3061
27-06-2015,EUR,0.8927
27-06-2015,GBP,0.6359
28-06-2015,USD,1
28-06-2015,CAD,1.2365
28-06-2015,AUD,1.3061
28-06-2015,EUR,0.8927
28-06-2015,GBP,0.6359
29-06-2015,USD,1
29-06-2015,CAD,1.2374
29-06-2015,AUD,1.3048
29-06-2015,EUR,0.8982
29-06-2015,GBP,0.6364
30-06-2015,USD,1
30-06-2015,CAD,1.2368
30-06-2015,AUD,1.3004
30-06-2015,EUR,0.8937
30-06-2015,GBP,0.6358
01-07-2015,USD,1
01-07-2015,CAD,1.2524
01-07-2015,AUD,1.3025
01-07-2015,EUR,0.9009
01-07-2015,GBP,0.6388
02-07-2015,USD,1
02-07-2015,CAD,1.2618
02-07-2015,AUD,1.3169
02-07-2015,EUR,0.9037
02-07-2015,GBP,0.6419
03-07-2015,USD,1
03-07-2015,CAD,1.2582
03-07-2015,AUD,1.329
03-07-2015,EUR,0.9012
03-07-2015,GBP,0.6401
04-07-2015,USD,1
04-07-2015,CAD,1.2582
04-07-2015,AUD,1.329
04-07-2015,EUR,0.9012
04-07-2015,GBP,0.6401
05-07-2015,USD,1
05-07-2015,CAD,1.2582
05-07-2015,AUD,1.329
05-07-2015,EUR,0.9012
05-07-2015,GBP,0.6401
06-07-2015,USD,1
06-07-2015,CAD,1.264
06-07-2015,AUD,1.3343
06-07-2015,EUR,0.9084
06-07-2015,GBP,0.6432
07-07-2015,USD,1
07-07-2015,CAD,1.2739
07-07-2015,AUD,1.3468
07-07-2015,EUR,0.9148
07-07-2015,GBP,0.6474
08-07-2015,USD,1
08-07-2015,CAD,1.2743
08-07-2015,AUD,1.3485
08-07-2015,EUR,0.9071
08-07-2015,GBP,0.6507
09-07-2015,USD,1
09-07-2015,CAD,1.2685
09-07-2015,AUD,1.3403
09-07-2015,EUR,0.9046
09-07-2015,GBP,0.6492
10-07-2015,USD,1
10-07-2015,CAD,1.2706
10-07-2015,AUD,1.3388
10-07-2015,EUR,0.8941
10-07-2015,GBP,0.6444
11-07-2015,USD,1
11-07-2015,CAD,1.2706
11-07-2015,AUD,1.3388
11-07-2015,EUR,0.8941
11-07-2015,GBP,0.6444
12-07-2015,USD,1
12-07-2015,CAD,1.2706
12-07-2015,AUD,1.3388
12-07-2015,EUR,0.8941
12-07-2015,GBP,0.6444
13-07-2015,USD,1
13-07-2015,CAD,1.2721
13-07-2015,AUD,1.3462
13-07-2015,EUR,0.9051
13-07-2015,GBP,0.6439
14-07-2015,USD,1
14-07-2015,CAD,1.276
14-07-2015,AUD,1.3442
14-07-2015,EUR,0.9065
14-07-2015,GBP,0.6422
15-07-2015,USD,1
15-07-2015,CAD,1.2744
15-07-2015,AUD,1.3401
15-07-2015,EUR,0.9083
15-07-2015,GBP,0.6399
16-07-2015,USD,1
16-07-2015,CAD,1.2947
16-07-2015,AUD,1.3539
16-07-2015,EUR,0.9202
16-07-2015,GBP,0.6424
17-07-2015,USD,1
17-07-2015,CAD,1.2978
17-07-2015,AUD,1.3511
17-07-2015,EUR,0.9184
17-07-2015,GBP,0.6413
18-07-2015,USD,1
18-07-2015,CAD,1.2978
18-07-2015,AUD,1.3511
18-07-2015,EUR,0.9184
18-07-2015,GBP,0.6413
19-07-2015,USD,1
19-07-2015,CAD,1.2978
19-07-2015,AUD,1.3511
19-07-2015,EUR,0.9184
19-07-2015,GBP,0.6413
20-07-2015,USD,1
20-07-2015,CAD,1.2985
20-07-2015,AUD,1.3549
20-07-2015,EUR,0.9215
20-07-2015,GBP,0.6424
21-07-2015,USD,1
21-07-2015,CAD,1.2992
21-07-2015,AUD,1.357
21-07-2015,EUR,0.9202
21-07-2015,GBP,0.643
22-07-2015,USD,1
22-07-2015,CAD,1.2995
22-07-2015,AUD,1.3543
22-07-2015,EUR,0.9173
22-07-2015,GBP,0.6404
23-07-2015,USD,1
23-07-2015,CAD,1.2975
23-07-2015,AUD,1.3496
23-07-2015,EUR,0.9092
23-07-2015,GBP,0.6404
24-07-2015,USD,1
24-07-2015,CAD,1.3091
24-07-2015,AUD,1.3765
24-07-2015,EUR,0.9142
24-07-2015,GBP,0.6462
25-07-2015,USD,1
25-07-2015,CAD,1.3091
25-07-2015,AUD,1.3765
25-07-2015,EUR,0.9142
25-07-2015,GBP,0.6462
26-07-2015,USD,1
26-07-2015,CAD,1.3091
26-07-2015,AUD,1.3765
26-07-2015,EUR,0.9142
26-07-2015,GBP,0.6462
27-07-2015,USD,1
27-07-2015,CAD,1.303
27-07-2015,AUD,1.3731
27-07-2015,EUR,0.9043
27-07-2015,GBP,0.6445
28-07-2015,USD,1
28-07-2015,CAD,1.3014
28-07-2015,AUD,1.3686
28-07-2015,EUR,0.907
28-07-2015,GBP,0.6416
29-07-2015,USD,1
29-07-2015,CAD,1.2955
29-07-2015,AUD,1.3691
29-07-2015,EUR,0.9066
29-07-2015,GBP,0.6394
30-07-2015,USD,1
30-07-2015,CAD,1.298
30-07-2015,AUD,1.3752
30-07-2015,EUR,0.9128
30-07-2015,GBP,0.6399
31-07-2015,USD,1
31-07-2015,CAD,1.3048
31-07-2015,AUD,1.3805
31-07-2015,EUR,0.9118
31-07-2015,GBP,0.642
01-08-2015,USD,1
01-08-2015,CAD,1.3048
01-08-2015,AUD,1.3805
01-08-2015,EUR,0.9118
01-08-2015,GBP,0.642
02-08-2015,USD,1
02-08-2015,CAD,1.3048
02-08-2015,AUD,1.3805
02-08-2015,EUR,0.9118
02-08-2015,GBP,0.642
03-08-2015,USD,1
03-08-2015,CAD,1.3153
03-08-2015,AUD,1.3762
03-08-2015,EUR,0.9132
03-08-2015,GBP,0.6418
04-08-2015,USD,1
04-08-2015,CAD,1.313
04-08-2015,AUD,1.3516
04-08-2015,EUR,0.9113
04-08-2015,GBP,0.6404
05-08-2015,USD,1
05-08-2015,CAD,1.3171
05-08-2015,AUD,1.3558
05-08-2015,EUR,0.9189
05-08-2015,GBP,0.6398
06-08-2015,USD,1
06-08-2015,CAD,1.3168
06-08-2015,AUD,1.3642
06-08-2015,EUR,0.9187
06-08-2015,GBP,0.6444
07-08-2015,USD,1
07-08-2015,CAD,1.3082
07-08-2015,AUD,1.3535
07-08-2015,EUR,0.914
07-08-2015,GBP,0.6445
08-08-2015,USD,1
08-08-2015,CAD,1.3082
08-08-2015,AUD,1.3535
08-08-2015,EUR,0.914
08-08-2015,GBP,0.6445
09-08-2015,USD,1
09-08-2015,CAD,1.3082
09-08-2015,AUD,1.3535
09-08-2015,EUR,0.914
09-08-2015,GBP,0.6445
10-08-2015,USD,1
10-08-2015,CAD,1.3131
10-08-2015,AUD,1.358
10-08-2015,EUR,0.9124
10-08-2015,GBP,0.6452
11-08-2015,USD,1
11-08-2015,CAD,1.3075
11-08-2015,AUD,1.3652
11-08-2015,EUR,0.9046
11-08-2015,GBP,0.6412
12-08-2015,USD,1
12-08-2015,CAD,1.2969
12-08-2015,AUD,1.3562
12-08-2015,EUR,0.8965
12-08-2015,GBP,0.6409
13-08-2015,USD,1
13-08-2015,CAD,1.3012
13-08-2015,AUD,1.3611
13-08-2015,EUR,0.9002
13-08-2015,GBP,0.6397
14-08-2015,USD,1
14-08-2015,CAD,1.3044
14-08-2015,AUD,1.3537
14-08-2015,EUR,0.8952
14-08-2015,GBP,0.6396
15-08-2015,USD,1
15-08-2015,CAD,1.3044
15-08-2015,AUD,1.3537
15-08-2015,EUR,0.8952
15-08-2015,GBP,0.6396
16-08-2015,USD,1
16-08-2015,CAD,1.3044
16-08-2015,AUD,1.3537
16-08-2015,EUR,0.8952
16-08-2015,GBP,0.6396
17-08-2015,USD,1
17-08-2015,CAD,1.3136
17-08-2015,AUD,1.36
17-08-2015,EUR,0.9009
17-08-2015,GBP,0.6401
18-08-2015,USD,1
18-08-2015,CAD,1.3105
18-08-2015,AUD,1.3621
18-08-2015,EUR,0.9042
18-08-2015,GBP,0.6367
19-08-2015,USD,1
19-08-2015,CAD,1.307
19-08-2015,AUD,1.3609
19-08-2015,EUR,0.9057
19-08-2015,GBP,0.6384
20-08-2015,USD,1
20-08-2015,CAD,1.3126
20-08-2015,AUD,1.367
20-08-2015,EUR,0.8942
20-08-2015,GBP,0.6383
21-08-2015,USD,1
21-08-2015,CAD,1.3108
21-08-2015,AUD,1.3637
21-08-2015,EUR,0.8864
21-08-2015,GBP,0.6381
22-08-2015,USD,1
22-08-2015,CAD,1.3108
22-08-2015,AUD,1.3637
22-08-2015,EUR,0.8864
22-08-2015,GBP,0.6381
23-08-2015,USD,1
23-08-2015,CAD,1.3108
23-08-2015,AUD,1.3637
23-08-2015,EUR,0.8864
23-08-2015,GBP,0.6381
24-08-2015,USD,1
24-08-2015,CAD,1.3252
24-08-2015,AUD,1.3832
24-08-2015,EUR,0.8698
24-08-2015,GBP,0.6351
25-08-2015,USD,1
25-08-2015,CAD,1.3194
25-08-2015,AUD,1.3851
25-08-2015,EUR,0.8691
25-08-2015,GBP,0.6336
26-08-2015,USD,1
26-08-2015,CAD,1.3265
26-08-2015,AUD,1.4
26-08-2015,EUR,0.877
26-08-2015,GBP,0.6415
27-08-2015,USD,1
27-08-2015,CAD,1.3226
27-08-2015,AUD,1.3993
27-08-2015,EUR,0.8862
27-08-2015,GBP,0.648
28-08-2015,USD,1
28-08-2015,CAD,1.3271
28-08-2015,AUD,1.4012
28-08-2015,EUR,0.8875
28-08-2015,GBP,0.6497
29-08-2015,USD,1
29-08-2015,CAD,1.3271
29-08-2015,AUD,1.4012
29-08-2015,EUR,0.8875
29-08-2015,GBP,0.6497
30-08-2015,USD,1
30-08-2015,CAD,1.3271
30-08-2015,AUD,1.4012
30-08-2015,EUR,0.8875
30-08-2015,GBP,0.6497
31-08-2015,USD,1
31-08-2015,CAD,1.3253
31-08-2015,AUD,1.4046
31-08-2015,EUR,0.8917
31-08-2015,GBP,0.6487
01-09-2015,USD,1
01-09-2015,CAD,1.3222
01-09-2015,AUD,1.4201
01-09-2015,EUR,0.89
01-09-2015,GBP,0.6522
02-09-2015,USD,1
02-09-2015,CAD,1.3255
02-09-2015,AUD,1.427
02-09-2015,EUR,0.8885
02-09-2015,GBP,0.6547
03-09-2015,USD,1
03-09-2015,CAD,1.3263
03-09-2015,AUD,1.428
03-09-2015,EUR,0.8906
03-09-2015,GBP,0.6541
04-09-2015,USD,1
04-09-2015,CAD,1.323
04-09-2015,AUD,1.4319
04-09-2015,EUR,0.8978
04-09-2015,GBP,0.6568
05-09-2015,USD,1
05-09-2015,CAD,1.323
05-09-2015,AUD,1.4319
05-09-2015,EUR,0.8978
05-09-2015,GBP,0.6568
06-09-2015,USD,1
06-09-2015,CAD,1.323
06-09-2015,AUD,1.4319
06-09-2015,EUR,0.8978
06-09-2015,GBP,0.6568
07-09-2015,USD,1
07-09-2015,CAD,1.328
07-09-2015,AUD,1.4411
07-09-2015,EUR,0.8972
07-09-2015,GBP,0.6553
08-09-2015,USD,1
08-09-2015,CAD,1.3221
08-09-2015,AUD,1.4313
08-09-2015,EUR,0.8959
08-09-2015,GBP,0.649
09-09-2015,USD,1
09-09-2015,CAD,1.3248
09-09-2015,AUD,1.4238
09-09-2015,EUR,0.8977
09-09-2015,GBP,0.651
10-09-2015,USD,1
10-09-2015,CAD,1.3252
10-09-2015,AUD,1.4154
10-09-2015,EUR,0.8941
10-09-2015,GBP,0.6496
11-09-2015,USD,1
11-09-2015,CAD,1.3263
11-09-2015,AUD,1.416
11-09-2015,EUR,0.8875
11-09-2015,GBP,0.6484
12-09-2015,USD,1
12-09-2015,CAD,1.3263
12-09-2015,AUD,1.416
12-09-2015,EUR,0.8875
12-09-2015,GBP,0.6484
13-09-2015,USD,1
13-09-2015,CAD,1.3263
13-09-2015,AUD,1.416
13-09-2015,EUR,0.8875
13-09-2015,GBP,0.6484
14-09-2015,USD,1
14-09-2015,CAD,1.3253
14-09-2015,AUD,1.4042
14-09-2015,EUR,0.8846
14-09-2015,GBP,0.6487
15-09-2015,USD,1
15-09-2015,CAD,1.3237
15-09-2015,AUD,1.4033
15-09-2015,EUR,0.8834
15-09-2015,GBP,0.6489
16-09-2015,USD,1
16-09-2015,CAD,1.325
16-09-2015,AUD,1.3962
16-09-2015,EUR,0.8906
16-09-2015,GBP,0.6472
17-09-2015,USD,1
17-09-2015,CAD,1.3194
17-09-2015,AUD,1.3946
17-09-2015,EUR,0.884
17-09-2015,GBP,0.6441
18-09-2015,USD,1
18-09-2015,CAD,1.3027
18-09-2015,AUD,1.3757
18-09-2015,EUR,0.8757
18-09-2015,GBP,0.6391
19-09-2015,USD,1
19-09-2015,CAD,1.3027
19-09-2015,AUD,1.3757
19-09-2015,EUR,0.8757
19-09-2015,GBP,0.6391
20-09-2015,USD,1
20-09-2015,CAD,1.3027
20-09-2015,AUD,1.3757
20-09-2015,EUR,0.8757
20-09-2015,GBP,0.6391
21-09-2015,USD,1
21-09-2015,CAD,1.3183
21-09-2015,AUD,1.3949
21-09-2015,EUR,0.8889
21-09-2015,GBP,0.6438
22-09-2015,USD,1
22-09-2015,CAD,1.3271
22-09-2015,AUD,1.4103
22-09-2015,EUR,0.8965
22-09-2015,GBP,0.6475
23-09-2015,USD,1
23-09-2015,CAD,1.3265
23-09-2015,AUD,1.4182
23-09-2015,EUR,0.8969
23-09-2015,GBP,0.6544
24-09-2015,USD,1
24-09-2015,CAD,1.3379
24-09-2015,AUD,1.4364
24-09-2015,EUR,0.8896
24-09-2015,GBP,0.6571
25-09-2015,USD,1
25-09-2015,CAD,1.3313
25-09-2015,AUD,1.4254
25-09-2015,EUR,0.8968
25-09-2015,GBP,0.6589
26-09-2015,USD,1
26-09-2015,CAD,1.3313
26-09-2015,AUD,1.4254
26-09-2015,EUR,0.8968
26-09-2015,GBP,0.6589
27-09-2015,USD,1
27-09-2015,CAD,1.3313
27-09-2015,AUD,1.4254
27-09-2015,EUR,0.8968
27-09-2015,GBP,0.6589
28-09-2015,USD,1
28-09-2015,CAD,1.3358
28-09-2015,AUD,1.4295
28-09-2015,EUR,0.8953
28-09-2015,GBP,0.6582
29-09-2015,USD,1
29-09-2015,CAD,1.3388
29-09-2015,AUD,1.4289
29-09-2015,EUR,0.8925
29-09-2015,GBP,0.6597
30-09-2015,USD,1
30-09-2015,CAD,1.342
30-09-2015,AUD,1.4227
30-09-2015,EUR,0.8926
30-09-2015,GBP,0.6592
01-10-2015,USD,1
01-10-2015,CAD,1.3269
01-10-2015,AUD,1.4146
01-10-2015,EUR,0.8966
01-10-2015,GBP,0.6605
02-10-2015,USD,1
02-10-2015,CAD,1.3239
02-10-2015,AUD,1.422
02-10-2015,EUR,0.8961
02-10-2015,GBP,0.6593
03-10-2015,USD,1
03-10-2015,CAD,1.3239
03-10-2015,AUD,1.422
03-10-2015,EUR,0.8961
03-10-2015,GBP,0.6593
04-10-2015,USD,1
04-10-2015,CAD,1.3239
04-10-2015,AUD,1.422
04-10-2015,EUR,0.8961
04-10-2015,GBP,0.6593
05-10-2015,USD,1
05-10-2015,CAD,1.3114
05-10-2015,AUD,1.4109
05-10-2015,EUR,0.89
05-10-2015,GBP,0.6588
06-10-2015,USD,1
06-10-2015,CAD,1.3098
06-10-2015,AUD,1.406
06-10-2015,EUR,0.8909
06-10-2015,GBP,0.6592
07-10-2015,USD,1
07-10-2015,CAD,1.3003
07-10-2015,AUD,1.3835
07-10-2015,EUR,0.8876
07-10-2015,GBP,0.6531
08-10-2015,USD,1
08-10-2015,CAD,1.3047
08-10-2015,AUD,1.3919
08-10-2015,EUR,0.8886
08-10-2015,GBP,0.6545
09-10-2015,USD,1
09-10-2015,CAD,1.2936
09-10-2015,AUD,1.3644
09-10-2015,EUR,0.8801
09-10-2015,GBP,0.6519
10-10-2015,USD,1
10-10-2015,CAD,1.2936
10-10-2015,AUD,1.3644
10-10-2015,EUR,0.8801
10-10-2015,GBP,0.6519
11-10-2015,USD,1
11-10-2015,CAD,1.2936
11-10-2015,AUD,1.3644
11-10-2015,EUR,0.8801
11-10-2015,GBP,0.6519
12-10-2015,USD,1
12-10-2015,CAD,1.2927
12-10-2015,AUD,1.3566
12-10-2015,EUR,0.8793
12-10-2015,GBP,0.6508
13-10-2015,USD,1
13-10-2015,CAD,1.3047
13-10-2015,AUD,1.3702
13-10-2015,EUR,0.8792
13-10-2015,GBP,0.6576
14-10-2015,USD,1
14-10-2015,CAD,1.2985
14-10-2015,AUD,1.3779
14-10-2015,EUR,0.8764
14-10-2015,GBP,0.6501
15-10-2015,USD,1
15-10-2015,CAD,1.29
15-10-2015,AUD,1.3648
15-10-2015,EUR,0.8742
15-10-2015,GBP,0.6466
16-10-2015,USD,1
16-10-2015,CAD,1.2927
16-10-2015,AUD,1.378
16-10-2015,EUR,0.8803
16-10-2015,GBP,0.6475
17-10-2015,USD,1
17-10-2015,CAD,1.2927
17-10-2015,AUD,1.378
17-10-2015,EUR,0.8803
17-10-2015,GBP,0.6475
18-10-2015,USD,1
18-10-2015,CAD,1.2927
18-10-2015,AUD,1.378
18-10-2015,EUR,0.8803
18-10-2015,GBP,0.6475
19-10-2015,USD,1
19-10-2015,CAD,1.2945
19-10-2015,AUD,1.3748
19-10-2015,EUR,0.8824
19-10-2015,GBP,0.6456
20-10-2015,USD,1
20-10-2015,CAD,1.3003
20-10-2015,AUD,1.3727
20-10-2015,EUR,0.8793
20-10-2015,GBP,0.6464
21-10-2015,USD,1
21-10-2015,CAD,1.3003
21-10-2015,AUD,1.3834
21-10-2015,EUR,0.8807
21-10-2015,GBP,0.6473
22-10-2015,USD,1
22-10-2015,CAD,1.3124
22-10-2015,AUD,1.3871
22-10-2015,EUR,0.8839
22-10-2015,GBP,0.6465
23-10-2015,USD,1
23-10-2015,CAD,1.3067
23-10-2015,AUD,1.3759
23-10-2015,EUR,0.9022
23-10-2015,GBP,0.6492
24-10-2015,USD,1
24-10-2015,CAD,1.3067
24-10-2015,AUD,1.3759
24-10-2015,EUR,0.9022
24-10-2015,GBP,0.6492
25-10-2015,USD,1
25-10-2015,CAD,1.3067
25-10-2015,AUD,1.3759
25-10-2015,EUR,0.9022
25-10-2015,GBP,0.6492
26-10-2015,USD,1
26-10-2015,CAD,1.3152
26-10-2015,AUD,1.3788
26-10-2015,EUR,0.9082
26-10-2015,GBP,0.6524
27-10-2015,USD,1
27-10-2015,CAD,1.3219
27-10-2015,AUD,1.3831
27-10-2015,EUR,0.9041
27-10-2015,GBP,0.6522
28-10-2015,USD,1
28-10-2015,CAD,1.321
28-10-2015,AUD,1.4018
28-10-2015,EUR,0.9021
28-10-2015,GBP,0.6539
29-10-2015,USD,1
29-10-2015,CAD,1.3185
29-10-2015,AUD,1.4132
29-10-2015,EUR,0.9149
29-10-2015,GBP,0.6557
30-10-2015,USD,1
30-10-2015,CAD,1.3175
30-10-2015,AUD,1.4109
30-10-2015,EUR,0.9077
30-10-2015,GBP,0.6519
31-10-2015,USD,1
31-10-2015,CAD,1.3175
31-10-2015,AUD,1.4109
31-10-2015,EUR,0.9077
31-10-2015,GBP,0.6519
01-11-2015,USD,1
01-11-2015,CAD,1.3175
01-11-2015,AUD,1.4109
01-11-2015,EUR,0.9077
01-11-2015,GBP,0.6519
02-11-2015,USD,1
02-11-2015,CAD,1.3098
02-11-2015,AUD,1.4011
02-11-2015,EUR,0.9065
02-11-2015,GBP,0.6465
03-11-2015,USD,1
03-11-2015,CAD,1.3125
03-11-2015,AUD,1.394
03-11-2015,EUR,0.9111
03-11-2015,GBP,0.6497
04-11-2015,USD,1
04-11-2015,CAD,1.307
04-11-2015,AUD,1.3909
04-11-2015,EUR,0.9145
04-11-2015,GBP,0.6487
05-11-2015,USD,1
05-11-2015,CAD,1.3158
05-11-2015,AUD,1.3997
05-11-2015,EUR,0.9189
05-11-2015,GBP,0.6548
06-11-2015,USD,1
06-11-2015,CAD,1.3201
06-11-2015,AUD,1.3995
06-11-2015,EUR,0.9205
06-11-2015,GBP,0.6606
07-11-2015,USD,1
07-11-2015,CAD,1.3201
07-11-2015,AUD,1.3995
07-11-2015,EUR,0.9205
07-11-2015,GBP,0.6606
08-11-2015,USD,1
08-11-2015,CAD,1.3201
08-11-2015,AUD,1.3995
08-11-2015,EUR,0.9205
08-11-2015,GBP,0.6606
09-11-2015,USD,1
09-11-2015,CAD,1.3256
09-11-2015,AUD,1.4164
09-11-2015,EUR,0.928
09-11-2015,GBP,0.6627
10-11-2015,USD,1
10-11-2015,CAD,1.3261
10-11-2015,AUD,1.4181
10-11-2015,EUR,0.9336
10-11-2015,GBP,0.6614
11-11-2015,USD,1
11-11-2015,CAD,1.3263
11-11-2015,AUD,1.4169
11-11-2015,EUR,0.9332
11-11-2015,GBP,0.6588
12-11-2015,USD,1
12-11-2015,CAD,1.3326
12-11-2015,AUD,1.4053
12-11-2015,EUR,0.9323
12-11-2015,GBP,0.6586
13-11-2015,USD,1
13-11-2015,CAD,1.3305
13-11-2015,AUD,1.4007
13-11-2015,EUR,0.929
13-11-2015,GBP,0.6569
14-11-2015,USD,1
14-11-2015,CAD,1.3305
14-11-2015,AUD,1.4007
14-11-2015,EUR,0.929
14-11-2015,GBP,0.6569
15-11-2015,USD,1
15-11-2015,CAD,1.3305
15-11-2015,AUD,1.4007
15-11-2015,EUR,0.929
15-11-2015,GBP,0.6569
16-11-2015,USD,1
16-11-2015,CAD,1.3329
16-11-2015,AUD,1.4091
16-11-2015,EUR,0.9326
16-11-2015,GBP,0.6582
17-11-2015,USD,1
17-11-2015,CAD,1.3308
17-11-2015,AUD,1.4021
17-11-2015,EUR,0.9372
17-11-2015,GBP,0.6576
18-11-2015,USD,1
18-11-2015,CAD,1.3335
18-11-2015,AUD,1.409
18-11-2015,EUR,0.9376
18-11-2015,GBP,0.6571
19-11-2015,USD,1
19-11-2015,CAD,1.329
19-11-2015,AUD,1.3966
19-11-2015,EUR,0.9357
19-11-2015,GBP,0.6548
20-11-2015,USD,1
20-11-2015,CAD,1.3313
20-11-2015,AUD,1.3871
20-11-2015,EUR,0.9356
20-11-2015,GBP,0.6559
21-11-2015,USD,1
21-11-2015,CAD,1.3313
21-11-2015,AUD,1.3871
21-11-2015,EUR,0.9356
21-11-2015,GBP,0.6559
22-11-2015,USD,1
22-11-2015,CAD,1.3313
22-11-2015,AUD,1.3871
22-11-2015,EUR,0.9356
22-11-2015,GBP,0.6559
23-11-2015,USD,1
23-11-2015,CAD,1.3378
23-11-2015,AUD,1.3915
23-11-2015,EUR,0.9406
23-11-2015,GBP,0.6608
24-11-2015,USD,1
24-11-2015,CAD,1.3359
24-11-2015,AUD,1.3861
24-11-2015,EUR,0.9389
24-11-2015,GBP,0.663
25-11-2015,USD,1
25-11-2015,CAD,1.3327
25-11-2015,AUD,1.3793
25-11-2015,EUR,0.9446
25-11-2015,GBP,0.6629
26-11-2015,USD,1
26-11-2015,CAD,1.3305
26-11-2015,AUD,1.3838
26-11-2015,EUR,0.9423
26-11-2015,GBP,0.6623
27-11-2015,USD,1
27-11-2015,CAD,1.3347
27-11-2015,AUD,1.3884
27-11-2015,EUR,0.9452
27-11-2015,GBP,0.6644
28-11-2015,USD,1
28-11-2015,CAD,1.3347
28-11-2015,AUD,1.3884
28-11-2015,EUR,0.9452
28-11-2015,GBP,0.6644
29-11-2015,USD,1
29-11-2015,CAD,1.3347
29-11-2015,AUD,1.3884
29-11-2015,EUR,0.9452
29-11-2015,GBP,0.6644
30-11-2015,USD,1
30-11-2015,CAD,1.3369
30-11-2015,AUD,1.3868
30-11-2015,EUR,0.9453
30-11-2015,GBP,0.6662
01-12-2015,USD,1
01-12-2015,CAD,1.3319
01-12-2015,AUD,1.3717
01-12-2015,EUR,0.9434
01-12-2015,GBP,0.6638
02-12-2015,USD,1
02-12-2015,CAD,1.3385
02-12-2015,AUD,1.3653
02-12-2015,EUR,0.9423
02-12-2015,GBP,0.6652
03-12-2015,USD,1
03-12-2015,CAD,1.3319
03-12-2015,AUD,1.3635
03-12-2015,EUR,0.9371
03-12-2015,GBP,0.6674
04-12-2015,USD,1
04-12-2015,CAD,1.3337
04-12-2015,AUD,1.3666
04-12-2015,EUR,0.9173
04-12-2015,GBP,0.6605
05-12-2015,USD,1
05-12-2015,CAD,1.3337
05-12-2015,AUD,1.3666
05-12-2015,EUR,0.9173
05-12-2015,GBP,0.6605
06-12-2015,USD,1
06-12-2015,CAD,1.3337
06-12-2015,AUD,1.3666
06-12-2015,EUR,0.9173
06-12-2015,GBP,0.6605
07-12-2015,USD,1
07-12-2015,CAD,1.3461
07-12-2015,AUD,1.3738
07-12-2015,EUR,0.9252
07-12-2015,GBP,0.664
08-12-2015,USD,1
08-12-2015,CAD,1.3603
08-12-2015,AUD,1.3884
08-12-2015,EUR,0.9195
08-12-2015,GBP,0.6686
09-12-2015,USD,1
09-12-2015,CAD,1.357
09-12-2015,AUD,1.3876
09-12-2015,EUR,0.914
09-12-2015,GBP,0.6627
10-12-2015,USD,1
10-12-2015,CAD,1.354
10-12-2015,AUD,1.3707
10-12-2015,EUR,0.9138
10-12-2015,GBP,0.6612
11-12-2015,USD,1
11-12-2015,CAD,1.3664
11-12-2015,AUD,1.3863
11-12-2015,EUR,0.9132
11-12-2015,GBP,0.6597
12-12-2015,USD,1
12-12-2015,CAD,1.3664
12-12-2015,AUD,1.3863
12-12-2015,EUR,0.9132
12-12-2015,GBP,0.6597
13-12-2015,USD,1
13-12-2015,CAD,1.3664
13-12-2015,AUD,1.3863
13-12-2015,EUR,0.9132
13-12-2015,GBP,0.6597
14-12-2015,USD,1
14-12-2015,CAD,1.3754
14-12-2015,AUD,1.3868
14-12-2015,EUR,0.9105
14-12-2015,GBP,0.661
15-12-2015,USD,1
15-12-2015,CAD,1.3712
15-12-2015,AUD,1.3831
15-12-2015,EUR,0.9099
15-12-2015,GBP,0.6599
16-12-2015,USD,1
16-12-2015,CAD,1.3766
16-12-2015,AUD,1.389
16-12-2015,EUR,0.9147
16-12-2015,GBP,0.6661
17-12-2015,USD,1
17-12-2015,CAD,1.3832
17-12-2015,AUD,1.3926
17-12-2015,EUR,0.9224
17-12-2015,GBP,0.6702
18-12-2015,USD,1
18-12-2015,CAD,1.3956
18-12-2015,AUD,1.4033
18-12-2015,EUR,0.9228
18-12-2015,GBP,0.6706
19-12-2015,USD,1
19-12-2015,CAD,1.3956
19-12-2015,AUD,1.4033
19-12-2015,EUR,0.9228
19-12-2015,GBP,0.6706
20-12-2015,USD,1
20-12-2015,CAD,1.3956
20-12-2015,AUD,1.4033
20-12-2015,EUR,0.9228
20-12-2015,GBP,0.6706
21-12-2015,USD,1
21-12-2015,CAD,1.3955
21-12-2015,AUD,1.3954
21-12-2015,EUR,0.92
21-12-2015,GBP,0.6714
22-12-2015,USD,1
22-12-2015,CAD,1.3917
22-12-2015,AUD,1.3796
22-12-2015,EUR,0.9131
22-12-2015,GBP,0.6722
23-12-2015,USD,1
23-12-2015,CAD,1.3903
23-12-2015,AUD,1.3847
23-12-2015,EUR,0.9161
23-12-2015,GBP,0.6715
24-12-2015,USD,1
24-12-2015,CAD,1.387
24-12-2015,AUD,1.377
24-12-2015,EUR,0.9135
24-12-2015,GBP,0.6707
25-12-2015,USD,1
25-12-2015,CAD,1.387
25-12-2015,AUD,1.377
25-12-2015,EUR,0.9135
25-12-2015,GBP,0.6707
26-12-2015,USD,1
26-12-2015,CAD,1.387
26-12-2015,AUD,1.377
26-12-2015,EUR,0.9135
26-12-2015,GBP,0.6707
27-12-2015,USD,1
27-12-2015,CAD,1.387
27-12-2015,AUD,1.377
27-12-2015,EUR,0.9135
27-12-2015,GBP,0.6707
28-12-2015,USD,1
28-12-2015,CAD,1.3872
28-12-2015,AUD,1.3765
28-12-2015,EUR,0.9122
28-12-2015,GBP,0.6708
29-12-2015,USD,1
29-12-2015,CAD,1.3916
29-12-2015,AUD,1.3747
29-12-2015,EUR,0.9131
29-12-2015,GBP,0.6757
30-12-2015,USD,1
30-12-2015,CAD,1.3885
30-12-2015,AUD,1.372
30-12-2015,EUR,0.9152
30-12-2015,GBP,0.6754
31-12-2015,USD,1
31-12-2015,CAD,1.3884
31-12-2015,AUD,1.3683
31-12-2015,EUR,0.9185
31-12-2015,GBP,0.6742
01-01-2016,USD,1
01-01-2016,CAD,1.3884
01-01-2016,AUD,1.3683
01-01-2016,EUR,0.9185
01-01-2016,GBP,0.6742
02-01-2016,USD,1
02-01-2016,CAD,1.3884
02-01-2016,AUD,1.3683
02-01-2016,EUR,0.9185
02-01-2016,GBP,0.6742
03-01-2016,USD,1
03-01-2016,CAD,1.3884
03-01-2016,AUD,1.3683
03-01-2016,EUR,0.9185
03-01-2016,GBP,0.6742
04-01-2016,USD,1
04-01-2016,CAD,1.3922
04-01-2016,AUD,1.3904
04-01-2016,EUR,0.9176
04-01-2016,GBP,0.6773
05-01-2016,USD,1
05-01-2016,CAD,1.3936
05-01-2016,AUD,1.3942
05-01-2016,EUR,0.9306
05-01-2016,GBP,0.6815
06-01-2016,USD,1
06-01-2016,CAD,1.4091
06-01-2016,AUD,1.4138
06-01-2016,EUR,0.9309
06-01-2016,GBP,0.6837
07-01-2016,USD,1
07-01-2016,CAD,1.4133
07-01-2016,AUD,1.4308
07-01-2016,EUR,0.9201
07-01-2016,GBP,0.6859
08-01-2016,USD,1
08-01-2016,CAD,1.4106
08-01-2016,AUD,1.4267
08-01-2016,EUR,0.9207
08-01-2016,GBP,0.6861
09-01-2016,USD,1
09-01-2016,CAD,1.4106
09-01-2016,AUD,1.4267
09-01-2016,EUR,0.9207
09-01-2016,GBP,0.6861
10-01-2016,USD,1
10-01-2016,CAD,1.4106
10-01-2016,AUD,1.4267
10-01-2016,EUR,0.9207
10-01-2016,GBP,0.6861
11-01-2016,USD,1
11-01-2016,CAD,1.4085
11-01-2016,AUD,1.4251
11-01-2016,EUR,0.9184
11-01-2016,GBP,0.6861
12-01-2016,USD,1
12-01-2016,CAD,1.4184
12-01-2016,AUD,1.4267
12-01-2016,EUR,0.9228
12-01-2016,GBP,0.6929
13-01-2016,USD,1
13-01-2016,CAD,1.4221
13-01-2016,AUD,1.425
13-01-2016,EUR,0.9246
13-01-2016,GBP,0.6936
14-01-2016,USD,1
14-01-2016,CAD,1.4364
14-01-2016,AUD,1.4408
14-01-2016,EUR,0.918
14-01-2016,GBP,0.695
15-01-2016,USD,1
15-01-2016,CAD,1.4522
15-01-2016,AUD,1.4564
15-01-2016,EUR,0.9163
15-01-2016,GBP,0.6977
16-01-2016,USD,1
16-01-2016,CAD,1.4522
16-01-2016,AUD,1.4564
16-01-2016,EUR,0.9163
16-01-2016,GBP,0.6977
17-01-2016,USD,1
17-01-2016,CAD,1.4522
17-01-2016,AUD,1.4564
17-01-2016,EUR,0.9163
17-01-2016,GBP,0.6977
18-01-2016,USD,1
18-01-2016,CAD,1.4506
18-01-2016,AUD,1.4515
18-01-2016,EUR,0.9181
18-01-2016,GBP,0.7002
19-01-2016,USD,1
19-01-2016,CAD,1.4492
19-01-2016,AUD,1.4421
19-01-2016,EUR,0.9201
19-01-2016,GBP,0.7037
20-01-2016,USD,1
20-01-2016,CAD,1.4637
20-01-2016,AUD,1.4592
20-01-2016,EUR,0.9168
20-01-2016,GBP,0.706
21-01-2016,USD,1
21-01-2016,CAD,1.4459
21-01-2016,AUD,1.4463
21-01-2016,EUR,0.918
21-01-2016,GBP,0.7085
22-01-2016,USD,1
22-01-2016,CAD,1.4171
22-01-2016,AUD,1.423
22-01-2016,EUR,0.9252
22-01-2016,GBP,0.6982
23-01-2016,USD,1
23-01-2016,CAD,1.4171
23-01-2016,AUD,1.423
23-01-2016,EUR,0.9252
23-01-2016,GBP,0.6982
24-01-2016,USD,1
24-01-2016,CAD,1.4171
24-01-2016,AUD,1.423
24-01-2016,EUR,0.9252
24-01-2016,GBP,0.6982
25-01-2016,USD,1
25-01-2016,CAD,1.4194
25-01-2016,AUD,1.4328
25-01-2016,EUR,0.9246
25-01-2016,GBP,0.7017
26-01-2016,USD,1
26-01-2016,CAD,1.4221
26-01-2016,AUD,1.4349
26-01-2016,EUR,0.9228
26-01-2016,GBP,0.7022
27-01-2016,USD,1
27-01-2016,CAD,1.4081
27-01-2016,AUD,1.42
27-01-2016,EUR,0.9184
27-01-2016,GBP,0.6977
28-01-2016,USD,1
28-01-2016,CAD,1.4085
28-01-2016,AUD,1.4142
28-01-2016,EUR,0.9172
28-01-2016,GBP,0.6991
29-01-2016,USD,1
29-01-2016,CAD,1.4069
29-01-2016,AUD,1.4092
29-01-2016,EUR,0.9158
29-01-2016,GBP,0.6997
30-01-2016,USD,1
30-01-2016,CAD,1.4069
30-01-2016,AUD,1.4092
30-01-2016,EUR,0.9158
30-01-2016,GBP,0.6997
31-01-2016,USD,1
31-01-2016,CAD,1.4069
31-01-2016,AUD,1.4092
31-01-2016,EUR,0.9158
31-01-2016,GBP,0.6997
01-02-2016,USD,1
01-02-2016,CAD,1.4014
01-02-2016,AUD,1.4128
01-02-2016,EUR,0.9188
01-02-2016,GBP,0.6992
02-02-2016,USD,1
02-02-2016,CAD,1.4005
02-02-2016,AUD,1.4173
02-02-2016,EUR,0.9158
02-02-2016,GBP,0.6948
03-02-2016,USD,1
03-02-2016,CAD,1.3934
03-02-2016,AUD,1.4163
03-02-2016,EUR,0.9147
03-02-2016,GBP,0.689
04-02-2016,USD,1
04-02-2016,CAD,1.3712
04-02-2016,AUD,1.3873
04-02-2016,EUR,0.8924
04-02-2016,GBP,0.6835
05-02-2016,USD,1
05-02-2016,CAD,1.3751
05-02-2016,AUD,1.3911
05-02-2016,EUR,0.8927
05-02-2016,GBP,0.6872
06-02-2016,USD,1
06-02-2016,CAD,1.3751
06-02-2016,AUD,1.3911
06-02-2016,EUR,0.8927
06-02-2016,GBP,0.6872
07-02-2016,USD,1
07-02-2016,CAD,1.3751
07-02-2016,AUD,1.3911
07-02-2016,EUR,0.8927
07-02-2016,GBP,0.6872
08-02-2016,USD,1
08-02-2016,CAD,1.3951
08-02-2016,AUD,1.4166
08-02-2016,EUR,0.9008
08-02-2016,GBP,0.6958
09-02-2016,USD,1
09-02-2016,CAD,1.3904
09-02-2016,AUD,1.4314
09-02-2016,EUR,0.89
09-02-2016,GBP,0.6937
10-02-2016,USD,1
10-02-2016,CAD,1.3859
10-02-2016,AUD,1.4078
10-02-2016,EUR,0.8883
10-02-2016,GBP,0.6869
11-02-2016,USD,1
11-02-2016,CAD,1.3961
11-02-2016,AUD,1.4117
11-02-2016,EUR,0.8813
11-02-2016,GBP,0.6939
12-02-2016,USD,1
12-02-2016,CAD,1.3923
12-02-2016,AUD,1.4103
12-02-2016,EUR,0.8869
12-02-2016,GBP,0.6894
13-02-2016,USD,1
13-02-2016,CAD,1.3923
13-02-2016,AUD,1.4103
13-02-2016,EUR,0.8869
13-02-2016,GBP,0.6894
14-02-2016,USD,1
14-02-2016,CAD,1.3923
14-02-2016,AUD,1.4103
14-02-2016,EUR,0.8869
14-02-2016,GBP,0.6894
15-02-2016,USD,1
15-02-2016,CAD,1.3823
15-02-2016,AUD,1.3975
15-02-2016,EUR,0.8945
15-02-2016,GBP,0.6905
16-02-2016,USD,1
16-02-2016,CAD,1.3819
16-02-2016,AUD,1.3975
16-02-2016,EUR,0.8956
16-02-2016,GBP,0.6948
17-02-2016,USD,1
17-02-2016,CAD,1.3817
17-02-2016,AUD,1.4035
17-02-2016,EUR,0.898
17-02-2016,GBP,0.6989
18-02-2016,USD,1
18-02-2016,CAD,1.3685
18-02-2016,AUD,1.3981
18-02-2016,EUR,0.9022
18-02-2016,GBP,0.696
19-02-2016,USD,1
19-02-2016,CAD,1.3765
19-02-2016,AUD,1.4064
19-02-2016,EUR,0.9012
19-02-2016,GBP,0.7004
20-02-2016,USD,1
20-02-2016,CAD,1.3765
20-02-2016,AUD,1.4064
20-02-2016,EUR,0.9012
20-02-2016,GBP,0.7004
21-02-2016,USD,1
21-02-2016,CAD,1.3765
21-02-2016,AUD,1.4064
21-02-2016,EUR,0.9012
21-02-2016,GBP,0.7004
22-02-2016,USD,1
22-02-2016,CAD,1.372
22-02-2016,AUD,1.3896
22-02-2016,EUR,0.9069
22-02-2016,GBP,0.7096
23-02-2016,USD,1
23-02-2016,CAD,1.3739
23-02-2016,AUD,1.3817
23-02-2016,EUR,0.9089
23-02-2016,GBP,0.7088
24-02-2016,USD,1
24-02-2016,CAD,1.3839
24-02-2016,AUD,1.395
24-02-2016,EUR,0.9107
24-02-2016,GBP,0.7188
25-02-2016,USD,1
25-02-2016,CAD,1.3626
25-02-2016,AUD,1.3868
25-02-2016,EUR,0.9069
25-02-2016,GBP,0.7157
26-02-2016,USD,1
26-02-2016,CAD,1.3546
26-02-2016,AUD,1.3879
26-02-2016,EUR,0.9086
26-02-2016,GBP,0.7155
27-02-2016,USD,1
27-02-2016,CAD,1.3546
27-02-2016,AUD,1.3879
27-02-2016,EUR,0.9086
27-02-2016,GBP,0.7155
28-02-2016,USD,1
28-02-2016,CAD,1.3546
28-02-2016,AUD,1.3879
28-02-2016,EUR,0.9086
28-02-2016,GBP,0.7155
29-02-2016,USD,1
29-02-2016,CAD,1.3563
29-02-2016,AUD,1.4015
29-02-2016,EUR,0.9184
29-02-2016,GBP,0.7217
01-03-2016,USD,1
01-03-2016,CAD,1.352
01-03-2016,AUD,1.3977
01-03-2016,EUR,0.9198
01-03-2016,GBP,0.7156
02-03-2016,USD,1
02-03-2016,CAD,1.3444
02-03-2016,AUD,1.3826
02-03-2016,EUR,0.9211
02-03-2016,GBP,0.7131
03-03-2016,USD,1
03-03-2016,CAD,1.3434
03-03-2016,AUD,1.3624
03-03-2016,EUR,0.9173
03-03-2016,GBP,0.7103
04-03-2016,USD,1
04-03-2016,CAD,1.3416
04-03-2016,AUD,1.3545
04-03-2016,EUR,0.9116
04-03-2016,GBP,0.7063
05-03-2016,USD,1
05-03-2016,CAD,1.3416
05-03-2016,AUD,1.3545
05-03-2016,EUR,0.9116
05-03-2016,GBP,0.7063
06-03-2016,USD,1
06-03-2016,CAD,1.3416
06-03-2016,AUD,1.3545
06-03-2016,EUR,0.9116
06-03-2016,GBP,0.7063
07-03-2016,USD,1
07-03-2016,CAD,1.3377
07-03-2016,AUD,1.349
07-03-2016,EUR,0.913
07-03-2016,GBP,0.707
08-03-2016,USD,1
08-03-2016,CAD,1.3325
08-03-2016,AUD,1.3415
08-03-2016,EUR,0.9068
08-03-2016,GBP,0.7037
09-03-2016,USD,1
09-03-2016,CAD,1.3401
09-03-2016,AUD,1.3351
09-03-2016,EUR,0.9113
09-03-2016,GBP,0.703
10-03-2016,USD,1
10-03-2016,CAD,1.3285
10-03-2016,AUD,1.3376
10-03-2016,EUR,0.9211
10-03-2016,GBP,0.7067
11-03-2016,USD,1
11-03-2016,CAD,1.3253
11-03-2016,AUD,1.3315
11-03-2016,EUR,0.9017
11-03-2016,GBP,0.6997
12-03-2016,USD,1
12-03-2016,CAD,1.3253
12-03-2016,AUD,1.3315
12-03-2016,EUR,0.9017
12-03-2016,GBP,0.6997
13-03-2016,USD,1
13-03-2016,CAD,1.3253
13-03-2016,AUD,1.3315
13-03-2016,EUR,0.9017
13-03-2016,GBP,0.6997
14-03-2016,USD,1
14-03-2016,CAD,1.3254
14-03-2016,AUD,1.327
14-03-2016,EUR,0.8994
14-03-2016,GBP,0.6964
15-03-2016,USD,1
15-03-2016,CAD,1.3351
15-03-2016,AUD,1.3392
15-03-2016,EUR,0.9002
15-03-2016,GBP,0.7054
16-03-2016,USD,1
16-03-2016,CAD,1.3375
16-03-2016,AUD,1.3477
16-03-2016,EUR,0.9038
16-03-2016,GBP,0.7116
17-03-2016,USD,1
17-03-2016,CAD,1.2997
17-03-2016,AUD,1.3109
17-03-2016,EUR,0.8841
17-03-2016,GBP,0.6915
18-03-2016,USD,1
18-03-2016,CAD,1.2968
18-03-2016,AUD,1.3125
18-03-2016,EUR,0.8866
18-03-2016,GBP,0.6903
19-03-2016,USD,1
19-03-2016,CAD,1.2968
19-03-2016,AUD,1.3125
19-03-2016,EUR,0.8866
19-03-2016,GBP,0.6903
20-03-2016,USD,1
20-03-2016,CAD,1.2968
20-03-2016,AUD,1.3125
20-03-2016,EUR,0.8866
20-03-2016,GBP,0.6903
21-03-2016,USD,1
21-03-2016,CAD,1.3045
21-03-2016,AUD,1.3148
21-03-2016,EUR,0.8872
21-03-2016,GBP,0.6947
22-03-2016,USD,1
22-03-2016,CAD,1.3092
22-03-2016,AUD,1.3156
22-03-2016,EUR,0.8919
22-03-2016,GBP,0.7027
23-03-2016,USD,1
23-03-2016,CAD,1.3138
23-03-2016,AUD,1.3231
23-03-2016,EUR,0.8952
23-03-2016,GBP,0.7071
24-03-2016,USD,1
24-03-2016,CAD,1.3288
24-03-2016,AUD,1.3321
24-03-2016,EUR,0.8965
24-03-2016,GBP,0.7077
25-03-2016,USD,1
25-03-2016,CAD,1.3288
25-03-2016,AUD,1.3321
25-03-2016,EUR,0.8965
25-03-2016,GBP,0.7077
26-03-2016,USD,1
26-03-2016,CAD,1.3288
26-03-2016,AUD,1.3321
26-03-2016,EUR,0.8965
26-03-2016,GBP,0.7077
27-03-2016,USD,1
27-03-2016,CAD,1.3288
27-03-2016,AUD,1.3321
27-03-2016,EUR,0.8965
27-03-2016,GBP,0.7077
28-03-2016,USD,1
28-03-2016,CAD,1.3288
28-03-2016,AUD,1.3321
28-03-2016,EUR,0.8965
28-03-2016,GBP,0.7077
29-03-2016,USD,1
29-03-2016,CAD,1.3169
29-03-2016,AUD,1.3312
29-03-2016,EUR,0.8933
29-03-2016,GBP,0.7008
30-03-2016,USD,1
30-03-2016,CAD,1.303
30-03-2016,AUD,1.304
30-03-2016,EUR,0.8831
30-03-2016,GBP,0.6939
31-03-2016,USD,1
31-03-2016,CAD,1.2945
31-03-2016,AUD,1.3006
31-03-2016,EUR,0.8783
31-03-2016,GBP,0.6953
01-04-2016,USD,1
01-04-2016,CAD,1.3028
01-04-2016,AUD,1.302
01-04-2016,EUR,0.8747
01-04-2016,GBP,0.6988
02-04-2016,USD,1
02-04-2016,CAD,1.3028
02-04-2016,AUD,1.302
02-04-2016,EUR,0.8747
02-04-2016,GBP,0.6988
03-04-2016,USD,1
03-04-2016,CAD,1.3028
03-04-2016,AUD,1.302
03-04-2016,EUR,0.8747
03-04-2016,GBP,0.6988
04-04-2016,USD,1
04-04-2016,CAD,1.3033
04-04-2016,AUD,1.3108
04-04-2016,EUR,0.8787
04-04-2016,GBP,0.7007
05-04-2016,USD,1
05-04-2016,CAD,1.3168
05-04-2016,AUD,1.3271
05-04-2016,EUR,0.8797
05-04-2016,GBP,0.7052
06-04-2016,USD,1
06-04-2016,CAD,1.3155
06-04-2016,AUD,1.3258
06-04-2016,EUR,0.8821
06-04-2016,GBP,0.7128
07-04-2016,USD,1
07-04-2016,CAD,1.3117
07-04-2016,AUD,1.3281
07-04-2016,EUR,0.88
07-04-2016,GBP,0.7104
08-04-2016,USD,1
08-04-2016,CAD,1.3078
08-04-2016,AUD,1.3281
08-04-2016,EUR,0.88
08-04-2016,GBP,0.7105
09-04-2016,USD,1
09-04-2016,CAD,1.3078
09-04-2016,AUD,1.3281
09-04-2016,EUR,0.88
09-04-2016,GBP,0.7105
10-04-2016,USD,1
10-04-2016,CAD,1.3078
10-04-2016,AUD,1.3281
10-04-2016,EUR,0.88
10-04-2016,GBP,0.7105
11-04-2016,USD,1
11-04-2016,CAD,1.2989
11-04-2016,AUD,1.3222
11-04-2016,EUR,0.878
11-04-2016,GBP,0.7029
12-04-2016,USD,1
12-04-2016,CAD,1.2876
12-04-2016,AUD,1.3059
12-04-2016,EUR,0.8775
12-04-2016,GBP,0.7006
13-04-2016,USD,1
13-04-2016,CAD,1.2804
13-04-2016,AUD,1.3071
13-04-2016,EUR,0.8851
13-04-2016,GBP,0.7027
14-04-2016,USD,1
14-04-2016,CAD,1.2828
14-04-2016,AUD,1.2984
14-04-2016,EUR,0.8887
14-04-2016,GBP,0.7071
15-04-2016,USD,1
15-04-2016,CAD,1.2881
15-04-2016,AUD,1.2981
15-04-2016,EUR,0.8862
15-04-2016,GBP,0.7052
16-04-2016,USD,1
16-04-2016,CAD,1.2881
16-04-2016,AUD,1.2981
16-04-2016,EUR,0.8862
16-04-2016,GBP,0.7052
17-04-2016,USD,1
17-04-2016,CAD,1.2881
17-04-2016,AUD,1.2981
17-04-2016,EUR,0.8862
17-04-2016,GBP,0.7052
18-04-2016,USD,1
18-04-2016,CAD,1.2924
18-04-2016,AUD,1.2989
18-04-2016,EUR,0.8845
18-04-2016,GBP,0.7056
19-04-2016,USD,1
19-04-2016,CAD,1.2711
19-04-2016,AUD,1.2825
19-04-2016,EUR,0.8816
19-04-2016,GBP,0.6962
20-04-2016,USD,1
20-04-2016,CAD,1.2673
20-04-2016,AUD,1.2792
20-04-2016,EUR,0.8788
20-04-2016,GBP,0.6951
21-04-2016,USD,1
21-04-2016,CAD,1.2634
21-04-2016,AUD,1.2766
21-04-2016,EUR,0.8807
21-04-2016,GBP,0.693
22-04-2016,USD,1
22-04-2016,CAD,1.2734
22-04-2016,AUD,1.2936
22-04-2016,EUR,0.8879
22-04-2016,GBP,0.6955
23-04-2016,USD,1
23-04-2016,CAD,1.2734
23-04-2016,AUD,1.2936
23-04-2016,EUR,0.8879
23-04-2016,GBP,0.6955
24-04-2016,USD,1
24-04-2016,CAD,1.2734
24-04-2016,AUD,1.2936
24-04-2016,EUR,0.8879
24-04-2016,GBP,0.6955
25-04-2016,USD,1
25-04-2016,CAD,1.2683
25-04-2016,AUD,1.295
25-04-2016,EUR,0.8878
25-04-2016,GBP,0.6893
26-04-2016,USD,1
26-04-2016,CAD,1.2648
26-04-2016,AUD,1.2935
26-04-2016,EUR,0.886
26-04-2016,GBP,0.6865
27-04-2016,USD,1
27-04-2016,CAD,1.2583
27-04-2016,AUD,1.3169
27-04-2016,EUR,0.8847
27-04-2016,GBP,0.6854
28-04-2016,USD,1
28-04-2016,CAD,1.2557
28-04-2016,AUD,1.3124
28-04-2016,EUR,0.8804
28-04-2016,GBP,0.6853
29-04-2016,USD,1
29-04-2016,CAD,1.2528
29-04-2016,AUD,1.3109
29-04-2016,EUR,0.877
29-04-2016,GBP,0.6842
30-04-2016,USD,1
30-04-2016,CAD,1.2528
30-04-2016,AUD,1.3109
30-04-2016,EUR,0.877
30-04-2016,GBP,0.6842
01-05-2016,USD,1
01-05-2016,CAD,1.2528
01-05-2016,AUD,1.3109
01-05-2016,EUR,0.877
01-05-2016,GBP,0.6842
02-05-2016,USD,1
02-05-2016,CAD,1.2519
02-05-2016,AUD,1.3073
02-05-2016,EUR,0.8701
02-05-2016,GBP,0.6808
03-05-2016,USD,1
03-05-2016,CAD,1.2584
03-05-2016,AUD,1.3228
03-05-2016,EUR,0.8644
03-05-2016,GBP,0.6837
04-05-2016,USD,1
04-05-2016,CAD,1.2751
04-05-2016,AUD,1.3367
04-05-2016,EUR,0.8692
04-05-2016,GBP,0.6891
05-05-2016,USD,1
05-05-2016,CAD,1.282
05-05-2016,AUD,1.3346
05-05-2016,EUR,0.8742
05-05-2016,GBP,0.6894
06-05-2016,USD,1
06-05-2016,CAD,1.2879
06-05-2016,AUD,1.3565
06-05-2016,EUR,0.8751
06-05-2016,GBP,0.69
07-05-2016,USD,1
07-05-2016,CAD,1.2879
07-05-2016,AUD,1.3565
07-05-2016,EUR,0.8751
07-05-2016,GBP,0.69
08-05-2016,USD,1
08-05-2016,CAD,1.2879
08-05-2016,AUD,1.3565
08-05-2016,EUR,0.8751
08-05-2016,GBP,0.69
09-05-2016,USD,1
09-05-2016,CAD,1.2938
09-05-2016,AUD,1.3641
09-05-2016,EUR,0.8776
09-05-2016,GBP,0.6933
10-05-2016,USD,1
10-05-2016,CAD,1.2962
10-05-2016,AUD,1.3614
10-05-2016,EUR,0.8791
10-05-2016,GBP,0.6924
11-05-2016,USD,1
11-05-2016,CAD,1.2872
11-05-2016,AUD,1.3563
11-05-2016,EUR,0.8765
11-05-2016,GBP,0.6921
12-05-2016,USD,1
12-05-2016,CAD,1.2814
12-05-2016,AUD,1.3646
12-05-2016,EUR,0.878
12-05-2016,GBP,0.6927
13-05-2016,USD,1
13-05-2016,CAD,1.2882
13-05-2016,AUD,1.3728
13-05-2016,EUR,0.8812
13-05-2016,GBP,0.694
14-05-2016,USD,1
14-05-2016,CAD,1.2882
14-05-2016,AUD,1.3728
14-05-2016,EUR,0.8812
14-05-2016,GBP,0.694
15-05-2016,USD,1
15-05-2016,CAD,1.2882
15-05-2016,AUD,1.3728
15-05-2016,EUR,0.8812
15-05-2016,GBP,0.694
16-05-2016,USD,1
16-05-2016,CAD,1.2923
16-05-2016,AUD,1.3711
16-05-2016,EUR,0.8831
16-05-2016,GBP,0.6959
17-05-2016,USD,1
17-05-2016,CAD,1.2927
17-05-2016,AUD,1.3657
17-05-2016,EUR,0.8835
17-05-2016,GBP,0.6905
18-05-2016,USD,1
18-05-2016,CAD,1.2977
18-05-2016,AUD,1.3761
18-05-2016,EUR,0.8866
18-05-2016,GBP,0.687
19-05-2016,USD,1
19-05-2016,CAD,1.311
19-05-2016,AUD,1.3899
19-05-2016,EUR,0.8931
19-05-2016,GBP,0.684
20-05-2016,USD,1
20-05-2016,CAD,1.3106
20-05-2016,AUD,1.3833
20-05-2016,EUR,0.8913
20-05-2016,GBP,0.6864
21-05-2016,USD,1
21-05-2016,CAD,1.3106
21-05-2016,AUD,1.3833
21-05-2016,EUR,0.8913
21-05-2016,GBP,0.6864
22-05-2016,USD,1
22-05-2016,CAD,1.3106
22-05-2016,AUD,1.3833
22-05-2016,EUR,0.8913
22-05-2016,GBP,0.6864
23-05-2016,USD,1
23-05-2016,CAD,1.3148
23-05-2016,AUD,1.3858
23-05-2016,EUR,0.8917
23-05-2016,GBP,0.6905
24-05-2016,USD,1
24-05-2016,CAD,1.3148
24-05-2016,AUD,1.3966
24-05-2016,EUR,0.8954
24-05-2016,GBP,0.6851
25-05-2016,USD,1
25-05-2016,CAD,1.3106
25-05-2016,AUD,1.3884
25-05-2016,EUR,0.8972
25-05-2016,GBP,0.6812
26-05-2016,USD,1
26-05-2016,CAD,1.2932
26-05-2016,AUD,1.3862
26-05-2016,EUR,0.8954
26-05-2016,GBP,0.6802
27-05-2016,USD,1
27-05-2016,CAD,1.3037
27-05-2016,AUD,1.3864
27-05-2016,EUR,0.8954
27-05-2016,GBP,0.6827
28-05-2016,USD,1
28-05-2016,CAD,1.3037
28-05-2016,AUD,1.3864
28-05-2016,EUR,0.8954
28-05-2016,GBP,0.6827
29-05-2016,USD,1
29-05-2016,CAD,1.3037
29-05-2016,AUD,1.3864
29-05-2016,EUR,0.8954
29-05-2016,GBP,0.6827
30-05-2016,USD,1
30-05-2016,CAD,1.3039
30-05-2016,AUD,1.3919
30-05-2016,EUR,0.8977
30-05-2016,GBP,0.6834
31-05-2016,USD,1
31-05-2016,CAD,1.3027
31-05-2016,AUD,1.3776
31-05-2016,EUR,0.8965
31-05-2016,GBP,0.683
01-06-2016,USD,1
01-06-2016,CAD,1.3054
01-06-2016,AUD,1.3755
01-06-2016,EUR,0.8949
01-06-2016,GBP,0.6923
02-06-2016,USD,1
02-06-2016,CAD,1.3105
02-06-2016,AUD,1.3868
02-06-2016,EUR,0.8938
02-06-2016,GBP,0.6912
03-06-2016,USD,1
03-06-2016,CAD,1.3084
03-06-2016,AUD,1.3804
03-06-2016,EUR,0.8965
03-06-2016,GBP,0.6929
04-06-2016,USD,1
04-06-2016,CAD,1.3084
04-06-2016,AUD,1.3804
04-06-2016,EUR,0.8965
04-06-2016,GBP,0.6929
05-06-2016,USD,1
05-06-2016,CAD,1.3084
05-06-2016,AUD,1.3804
05-06-2016,EUR,0.8965
05-06-2016,GBP,0.6929
06-06-2016,USD,1
06-06-2016,CAD,1.2922
06-06-2016,AUD,1.3584
06-06-2016,EUR,0.8811
06-06-2016,GBP,0.6936
07-06-2016,USD,1
07-06-2016,CAD,1.2782
07-06-2016,AUD,1.3447
07-06-2016,EUR,0.8812
07-06-2016,GBP,0.6863
08-06-2016,USD,1
08-06-2016,CAD,1.2682
08-06-2016,AUD,1.3384
08-06-2016,EUR,0.8789
08-06-2016,GBP,0.686
09-06-2016,USD,1
09-06-2016,CAD,1.2747
09-06-2016,AUD,1.3444
09-06-2016,EUR,0.8816
09-06-2016,GBP,0.6915
10-06-2016,USD,1
10-06-2016,CAD,1.2748
10-06-2016,AUD,1.3512
10-06-2016,EUR,0.8846
10-06-2016,GBP,0.6943
11-06-2016,USD,1
11-06-2016,CAD,1.2748
11-06-2016,AUD,1.3512
11-06-2016,EUR,0.8846
11-06-2016,GBP,0.6943
12-06-2016,USD,1
12-06-2016,CAD,1.2748
12-06-2016,AUD,1.3512
12-06-2016,EUR,0.8846
12-06-2016,GBP,0.6943
13-06-2016,USD,1
13-06-2016,CAD,1.2771
13-06-2016,AUD,1.3514
13-06-2016,EUR,0.8875
13-06-2016,GBP,0.7057
14-06-2016,USD,1
14-06-2016,CAD,1.2872
14-06-2016,AUD,1.361
14-06-2016,EUR,0.8909
14-06-2016,GBP,0.708
15-06-2016,USD,1
15-06-2016,CAD,1.2857
15-06-2016,AUD,1.3524
15-06-2016,EUR,0.8905
15-06-2016,GBP,0.7049
16-06-2016,USD,1
16-06-2016,CAD,1.3003
16-06-2016,AUD,1.3614
16-06-2016,EUR,0.8949
16-06-2016,GBP,0.7073
17-06-2016,USD,1
17-06-2016,CAD,1.2901
17-06-2016,AUD,1.3537
17-06-2016,EUR,0.8886
17-06-2016,GBP,0.6999
18-06-2016,USD,1
18-06-2016,CAD,1.2901
18-06-2016,AUD,1.3537
18-06-2016,EUR,0.8886
18-06-2016,GBP,0.6999
19-06-2016,USD,1
19-06-2016,CAD,1.2901
19-06-2016,AUD,1.3537
19-06-2016,EUR,0.8886
19-06-2016,GBP,0.6999
20-06-2016,USD,1
20-06-2016,CAD,1.2813
20-06-2016,AUD,1.3403
20-06-2016,EUR,0.8825
20-06-2016,GBP,0.6828
21-06-2016,USD,1
21-06-2016,CAD,1.2773
21-06-2016,AUD,1.3322
21-06-2016,EUR,0.8839
21-06-2016,GBP,0.6784
22-06-2016,USD,1
22-06-2016,CAD,1.2762
22-06-2016,AUD,1.3324
22-06-2016,EUR,0.8863
22-06-2016,GBP,0.6806
23-06-2016,USD,1
23-06-2016,CAD,1.2747
23-06-2016,AUD,1.3223
23-06-2016,EUR,0.878
23-06-2016,GBP,0.6725
24-06-2016,USD,1
24-06-2016,CAD,1.3006
24-06-2016,AUD,1.3474
24-06-2016,EUR,0.9037
24-06-2016,GBP,0.7297
25-06-2016,USD,1
25-06-2016,CAD,1.3006
25-06-2016,AUD,1.3474
25-06-2016,EUR,0.9037
25-06-2016,GBP,0.7297
26-06-2016,USD,1
26-06-2016,CAD,1.3006
26-06-2016,AUD,1.3474
26-06-2016,EUR,0.9037
26-06-2016,GBP,0.7297
27-06-2016,USD,1
27-06-2016,CAD,1.3048
27-06-2016,AUD,1.3509
27-06-2016,EUR,0.9093
27-06-2016,GBP,0.7583
28-06-2016,USD,1
28-06-2016,CAD,1.3039
28-06-2016,AUD,1.3532
28-06-2016,EUR,0.9031
28-06-2016,GBP,0.747
29-06-2016,USD,1
29-06-2016,CAD,1.2991
29-06-2016,AUD,1.3445
29-06-2016,EUR,0.9017
29-06-2016,GBP,0.7444
30-06-2016,USD,1
30-06-2016,CAD,1.2956
30-06-2016,AUD,1.3447
30-06-2016,EUR,0.9007
30-06-2016,GBP,0.7445
01-07-2016,USD,1
01-07-2016,CAD,1.2923
01-07-2016,AUD,1.3367
01-07-2016,EUR,0.8981
01-07-2016,GBP,0.7529
02-07-2016,USD,1
02-07-2016,CAD,1.2923
02-07-2016,AUD,1.3367
02-07-2016,EUR,0.8981
02-07-2016,GBP,0.7529
03-07-2016,USD,1
03-07-2016,CAD,1.2923
03-07-2016,AUD,1.3367
03-07-2016,EUR,0.8981
03-07-2016,GBP,0.7529
04-07-2016,USD,1
04-07-2016,CAD,1.2864
04-07-2016,AUD,1.3281
04-07-2016,EUR,0.8978
04-07-2016,GBP,0.7533
05-07-2016,USD,1
05-07-2016,CAD,1.2936
05-07-2016,AUD,1.337
05-07-2016,EUR,0.8972
05-07-2016,GBP,0.7626
06-07-2016,USD,1
06-07-2016,CAD,1.3026
06-07-2016,AUD,1.3382
06-07-2016,EUR,0.9034
06-07-2016,GBP,0.7706
07-07-2016,USD,1
07-07-2016,CAD,1.2931
07-07-2016,AUD,1.3301
07-07-2016,EUR,0.9025
07-07-2016,GBP,0.7679
08-07-2016,USD,1
08-07-2016,CAD,1.3014
08-07-2016,AUD,1.3307
08-07-2016,EUR,0.9033
08-07-2016,GBP,0.77
09-07-2016,USD,1
09-07-2016,CAD,1.3014
09-07-2016,AUD,1.3307
09-07-2016,EUR,0.9033
09-07-2016,GBP,0.77
10-07-2016,USD,1
10-07-2016,CAD,1.3014
10-07-2016,AUD,1.3307
10-07-2016,EUR,0.9033
10-07-2016,GBP,0.77
11-07-2016,USD,1
11-07-2016,CAD,1.3066
11-07-2016,AUD,1.3229
11-07-2016,EUR,0.9051
11-07-2016,GBP,0.7702
12-07-2016,USD,1
12-07-2016,CAD,1.3029
12-07-2016,AUD,1.3101
12-07-2016,EUR,0.9016
12-07-2016,GBP,0.7598
13-07-2016,USD,1
13-07-2016,CAD,1.3053
13-07-2016,AUD,1.3111
13-07-2016,EUR,0.9032
13-07-2016,GBP,0.7532
14-07-2016,USD,1
14-07-2016,CAD,1.2926
14-07-2016,AUD,1.3075
14-07-2016,EUR,0.8963
14-07-2016,GBP,0.7467
15-07-2016,USD,1
15-07-2016,CAD,1.2866
15-07-2016,AUD,1.3064
15-07-2016,EUR,0.8986
15-07-2016,GBP,0.7483
16-07-2016,USD,1
16-07-2016,CAD,1.2866
16-07-2016,AUD,1.3064
16-07-2016,EUR,0.8986
16-07-2016,GBP,0.7483
17-07-2016,USD,1
17-07-2016,CAD,1.2866
17-07-2016,AUD,1.3064
17-07-2016,EUR,0.8986
17-07-2016,GBP,0.7483
18-07-2016,USD,1
18-07-2016,CAD,1.2951
18-07-2016,AUD,1.317
18-07-2016,EUR,0.9047
18-07-2016,GBP,0.7543
19-07-2016,USD,1
19-07-2016,CAD,1.3017
19-07-2016,AUD,1.3346
19-07-2016,EUR,0.9062
19-07-2016,GBP,0.7608
20-07-2016,USD,1
20-07-2016,CAD,1.3059
20-07-2016,AUD,1.3359
20-07-2016,EUR,0.908
20-07-2016,GBP,0.7591
21-07-2016,USD,1
21-07-2016,CAD,1.3051
21-07-2016,AUD,1.3355
21-07-2016,EUR,0.9079
21-07-2016,GBP,0.7589
22-07-2016,USD,1
22-07-2016,CAD,1.3107
22-07-2016,AUD,1.3362
22-07-2016,EUR,0.9079
22-07-2016,GBP,0.7636
23-07-2016,USD,1
23-07-2016,CAD,1.3107
23-07-2016,AUD,1.3362
23-07-2016,EUR,0.9079
23-07-2016,GBP,0.7636
24-07-2016,USD,1
24-07-2016,CAD,1.3107
24-07-2016,AUD,1.3362
24-07-2016,EUR,0.9079
24-07-2016,GBP,0.7636
25-07-2016,USD,1
25-07-2016,CAD,1.3172
25-07-2016,AUD,1.3355
25-07-2016,EUR,0.9106
25-07-2016,GBP,0.7619
26-07-2016,USD,1
26-07-2016,CAD,1.3234
26-07-2016,AUD,1.3275
26-07-2016,EUR,0.9093
26-07-2016,GBP,0.7612
27-07-2016,USD,1
27-07-2016,CAD,1.319
27-07-2016,AUD,1.3388
27-07-2016,EUR,0.9098
27-07-2016,GBP,0.7631
28-07-2016,USD,1
28-07-2016,CAD,1.3161
28-07-2016,AUD,1.3287
28-07-2016,EUR,0.9017
28-07-2016,GBP,0.7594
29-07-2016,USD,1
29-07-2016,CAD,1.3176
29-07-2016,AUD,1.3302
29-07-2016,EUR,0.8998
29-07-2016,GBP,0.7595
30-07-2016,USD,1
30-07-2016,CAD,1.3176
30-07-2016,AUD,1.3302
30-07-2016,EUR,0.8998
30-07-2016,GBP,0.7595
31-07-2016,USD,1
31-07-2016,CAD,1.3176
31-07-2016,AUD,1.3302
31-07-2016,EUR,0.8998
31-07-2016,GBP,0.7595
01-08-2016,USD,1
01-08-2016,CAD,1.3066
01-08-2016,AUD,1.3213
01-08-2016,EUR,0.8957
01-08-2016,GBP,0.7573
02-08-2016,USD,1
02-08-2016,CAD,1.3051
02-08-2016,AUD,1.3148
02-08-2016,EUR,0.8934
02-08-2016,GBP,0.7532
03-08-2016,USD,1
03-08-2016,CAD,1.31
03-08-2016,AUD,1.317
03-08-2016,EUR,0.8929
03-08-2016,GBP,0.7492
04-08-2016,USD,1
04-08-2016,CAD,1.3053
04-08-2016,AUD,1.3114
04-08-2016,EUR,0.898
04-08-2016,GBP,0.7597
05-08-2016,USD,1
05-08-2016,CAD,1.3023
05-08-2016,AUD,1.3058
05-08-2016,EUR,0.8964
05-08-2016,GBP,0.7602
06-08-2016,USD,1
06-08-2016,CAD,1.3023
06-08-2016,AUD,1.3058
06-08-2016,EUR,0.8964
06-08-2016,GBP,0.7602
07-08-2016,USD,1
07-08-2016,CAD,1.3023
07-08-2016,AUD,1.3058
07-08-2016,EUR,0.8964
07-08-2016,GBP,0.7602
08-08-2016,USD,1
08-08-2016,CAD,1.3144
08-08-2016,AUD,1.3096
08-08-2016,EUR,0.902
08-08-2016,GBP,0.7663
09-08-2016,USD,1
09-08-2016,CAD,1.3149
09-08-2016,AUD,1.3056
09-08-2016,EUR,0.9027
09-08-2016,GBP,0.7709
10-08-2016,USD,1
10-08-2016,CAD,1.3016
10-08-2016,AUD,1.292
10-08-2016,EUR,0.8941
10-08-2016,GBP,0.7649
11-08-2016,USD,1
11-08-2016,CAD,1.3054
11-08-2016,AUD,1.2965
11-08-2016,EUR,0.8966
11-08-2016,GBP,0.7714
12-08-2016,USD,1
12-08-2016,CAD,1.2975
12-08-2016,AUD,1.3027
12-08-2016,EUR,0.8962
12-08-2016,GBP,0.7712
13-08-2016,USD,1
13-08-2016,CAD,1.2975
13-08-2016,AUD,1.3027
13-08-2016,EUR,0.8962
13-08-2016,GBP,0.7712
14-08-2016,USD,1
14-08-2016,CAD,1.2975
14-08-2016,AUD,1.3027
14-08-2016,EUR,0.8962
14-08-2016,GBP,0.7712
15-08-2016,USD,1
15-08-2016,CAD,1.2921
15-08-2016,AUD,1.3038
15-08-2016,EUR,0.8945
15-08-2016,GBP,0.7753
16-08-2016,USD,1
16-08-2016,CAD,1.2817
16-08-2016,AUD,1.2928
16-08-2016,EUR,0.8853
16-08-2016,GBP,0.7708
17-08-2016,USD,1
17-08-2016,CAD,1.2885
17-08-2016,AUD,1.3107
17-08-2016,EUR,0.8868
17-08-2016,GBP,0.7684
18-08-2016,USD,1
18-08-2016,CAD,1.2829
18-08-2016,AUD,1.3043
18-08-2016,EUR,0.8833
18-08-2016,GBP,0.7603
19-08-2016,USD,1
19-08-2016,CAD,1.2844
19-08-2016,AUD,1.3135
19-08-2016,EUR,0.8829
19-08-2016,GBP,0.7641
20-08-2016,USD,1
20-08-2016,CAD,1.2844
20-08-2016,AUD,1.3135
20-08-2016,EUR,0.8829
20-08-2016,GBP,0.7641
21-08-2016,USD,1
21-08-2016,CAD,1.2844
21-08-2016,AUD,1.3135
21-08-2016,EUR,0.8829
21-08-2016,GBP,0.7641
22-08-2016,USD,1
22-08-2016,CAD,1.2915
22-08-2016,AUD,1.314
22-08-2016,EUR,0.8845
22-08-2016,GBP,0.7628
23-08-2016,USD,1
23-08-2016,CAD,1.2898
23-08-2016,AUD,1.3073
23-08-2016,EUR,0.8819
23-08-2016,GBP,0.7584
24-08-2016,USD,1
24-08-2016,CAD,1.294
24-08-2016,AUD,1.3119
24-08-2016,EUR,0.8875
24-08-2016,GBP,0.7555
25-08-2016,USD,1
25-08-2016,CAD,1.2929
25-08-2016,AUD,1.3144
25-08-2016,EUR,0.8857
25-08-2016,GBP,0.7579
26-08-2016,USD,1
26-08-2016,CAD,1.2884
26-08-2016,AUD,1.3083
26-08-2016,EUR,0.8857
26-08-2016,GBP,0.7569
27-08-2016,USD,1
27-08-2016,CAD,1.2884
27-08-2016,AUD,1.3083
27-08-2016,EUR,0.8857
27-08-2016,GBP,0.7569
28-08-2016,USD,1
28-08-2016,CAD,1.2884
28-08-2016,AUD,1.3083
28-08-2016,EUR,0.8857
28-08-2016,GBP,0.7569
29-08-2016,USD,1
29-08-2016,CAD,1.3013
29-08-2016,AUD,1.3241
29-08-2016,EUR,0.8953
29-08-2016,GBP,0.7652
30-08-2016,USD,1
30-08-2016,CAD,1.3039
30-08-2016,AUD,1.3241
30-08-2016,EUR,0.8954
30-08-2016,GBP,0.7626
31-08-2016,USD,1
31-08-2016,CAD,1.31
31-08-2016,AUD,1.33
31-08-2016,EUR,0.8983
31-08-2016,GBP,0.7618
01-09-2016,USD,1
01-09-2016,CAD,1.3129
01-09-2016,AUD,1.3279
01-09-2016,EUR,0.8972
01-09-2016,GBP,0.7541
02-09-2016,USD,1
02-09-2016,CAD,1.3082
02-09-2016,AUD,1.3231
02-09-2016,EUR,0.8934
02-09-2016,GBP,0.7528
03-09-2016,USD,1
03-09-2016,CAD,1.3082
03-09-2016,AUD,1.3231
03-09-2016,EUR,0.8934
03-09-2016,GBP,0.7528
04-09-2016,USD,1
04-09-2016,CAD,1.3082
04-09-2016,AUD,1.3231
04-09-2016,EUR,0.8934
04-09-2016,GBP,0.7528
05-09-2016,USD,1
05-09-2016,CAD,1.294
05-09-2016,AUD,1.3173
05-09-2016,EUR,0.8964
05-09-2016,GBP,0.7498
06-09-2016,USD,1
06-09-2016,CAD,1.2909
06-09-2016,AUD,1.3106
06-09-2016,EUR,0.8961
06-09-2016,GBP,0.7486
07-09-2016,USD,1
07-09-2016,CAD,1.2854
07-09-2016,AUD,1.3026
07-09-2016,EUR,0.8899
07-09-2016,GBP,0.7472
08-09-2016,USD,1
08-09-2016,CAD,1.2877
08-09-2016,AUD,1.2953
08-09-2016,EUR,0.8853
08-09-2016,GBP,0.7486
09-09-2016,USD,1
09-09-2016,CAD,1.2957
09-09-2016,AUD,1.3166
09-09-2016,EUR,0.8875
09-09-2016,GBP,0.7504
10-09-2016,USD,1
10-09-2016,CAD,1.2957
10-09-2016,AUD,1.3166
10-09-2016,EUR,0.8875
10-09-2016,GBP,0.7504
11-09-2016,USD,1
11-09-2016,CAD,1.2957
11-09-2016,AUD,1.3166
11-09-2016,EUR,0.8875
11-09-2016,GBP,0.7504
12-09-2016,USD,1
12-09-2016,CAD,1.3114
12-09-2016,AUD,1.3299
12-09-2016,EUR,0.8908
12-09-2016,GBP,0.7525
13-09-2016,USD,1
13-09-2016,CAD,1.3109
13-09-2016,AUD,1.3282
13-09-2016,EUR,0.8891
13-09-2016,GBP,0.7536
14-09-2016,USD,1
14-09-2016,CAD,1.3192
14-09-2016,AUD,1.3391
14-09-2016,EUR,0.8914
14-09-2016,GBP,0.7584
15-09-2016,USD,1
15-09-2016,CAD,1.3178
15-09-2016,AUD,1.3361
15-09-2016,EUR,0.8886
15-09-2016,GBP,0.757
16-09-2016,USD,1
16-09-2016,CAD,1.3199
16-09-2016,AUD,1.3316
16-09-2016,EUR,0.8908
16-09-2016,GBP,0.759
17-09-2016,USD,1
17-09-2016,CAD,1.3199
17-09-2016,AUD,1.3316
17-09-2016,EUR,0.8908
17-09-2016,GBP,0.759
18-09-2016,USD,1
18-09-2016,CAD,1.3199
18-09-2016,AUD,1.3316
18-09-2016,EUR,0.8908
18-09-2016,GBP,0.759
19-09-2016,USD,1
19-09-2016,CAD,1.3152
19-09-2016,AUD,1.3249
19-09-2016,EUR,0.8957
19-09-2016,GBP,0.7658
20-09-2016,USD,1
20-09-2016,CAD,1.3226
20-09-2016,AUD,1.3244
20-09-2016,EUR,0.8941
20-09-2016,GBP,0.7709
21-09-2016,USD,1
21-09-2016,CAD,1.3142
21-09-2016,AUD,1.3152
21-09-2016,EUR,0.8969
21-09-2016,GBP,0.7685
22-09-2016,USD,1
22-09-2016,CAD,1.3012
22-09-2016,AUD,1.3057
22-09-2016,EUR,0.8898
22-09-2016,GBP,0.7646
23-09-2016,USD,1
23-09-2016,CAD,1.3042
23-09-2016,AUD,1.3095
23-09-2016,EUR,0.8917
23-09-2016,GBP,0.7708
24-09-2016,USD,1
24-09-2016,CAD,1.3042
24-09-2016,AUD,1.3095
24-09-2016,EUR,0.8917
24-09-2016,GBP,0.7708
25-09-2016,USD,1
25-09-2016,CAD,1.3042
25-09-2016,AUD,1.3095
25-09-2016,EUR,0.8917
25-09-2016,GBP,0.7708
26-09-2016,USD,1
26-09-2016,CAD,1.3164
26-09-2016,AUD,1.3098
26-09-2016,EUR,0.8879
26-09-2016,GBP,0.7733
27-09-2016,USD,1
27-09-2016,CAD,1.3256
27-09-2016,AUD,1.3067
27-09-2016,EUR,0.8913
27-09-2016,GBP,0.7702
28-09-2016,USD,1
28-09-2016,CAD,1.3211
28-09-2016,AUD,1.304
28-09-2016,EUR,0.8909
28-09-2016,GBP,0.768
29-09-2016,USD,1
29-09-2016,CAD,1.3085
29-09-2016,AUD,1.3049
29-09-2016,EUR,0.8912
29-09-2016,GBP,0.7676
30-09-2016,USD,1
30-09-2016,CAD,1.3162
30-09-2016,AUD,1.3132
30-09-2016,EUR,0.896
30-09-2016,GBP,0.7715
01-10-2016,USD,1
01-10-2016,CAD,1.3162
01-10-2016,AUD,1.3132
01-10-2016,EUR,0.896
01-10-2016,GBP,0.7715
02-10-2016,USD,1
02-10-2016,CAD,1.3162
02-10-2016,AUD,1.3132
02-10-2016,EUR,0.896
02-10-2016,GBP,0.7715
03-10-2016,USD,1
03-10-2016,CAD,1.3085
03-10-2016,AUD,1.3028
03-10-2016,EUR,0.89
03-10-2016,GBP,0.7771
04-10-2016,USD,1
04-10-2016,CAD,1.3168
04-10-2016,AUD,1.3049
04-10-2016,EUR,0.896
04-10-2016,GBP,0.7843
05-10-2016,USD,1
05-10-2016,CAD,1.3216
05-10-2016,AUD,1.3132
05-10-2016,EUR,0.892
05-10-2016,GBP,0.7863
06-10-2016,USD,1
06-10-2016,CAD,1.3204
06-10-2016,AUD,1.3198
06-10-2016,EUR,0.8941
06-10-2016,GBP,0.7897
07-10-2016,USD,1
07-10-2016,CAD,1.3271
07-10-2016,AUD,1.3192
07-10-2016,EUR,0.8977
07-10-2016,GBP,0.8111
08-10-2016,USD,1
08-10-2016,CAD,1.3271
08-10-2016,AUD,1.3192
08-10-2016,EUR,0.8977
08-10-2016,GBP,0.8111
09-10-2016,USD,1
09-10-2016,CAD,1.3271
09-10-2016,AUD,1.3192
09-10-2016,EUR,0.8977
09-10-2016,GBP,0.8111
10-10-2016,USD,1
10-10-2016,CAD,1.3253
10-10-2016,AUD,1.3163
10-10-2016,EUR,0.8961
10-10-2016,GBP,0.8071
11-10-2016,USD,1
11-10-2016,CAD,1.3226
11-10-2016,AUD,1.3249
11-10-2016,EUR,0.9026
11-10-2016,GBP,0.8145
12-10-2016,USD,1
12-10-2016,CAD,1.3247
12-10-2016,AUD,1.3206
12-10-2016,EUR,0.9074
12-10-2016,GBP,0.8166
13-10-2016,USD,1
13-10-2016,CAD,1.3245
13-10-2016,AUD,1.3231
13-10-2016,EUR,0.906
13-10-2016,GBP,0.8193
14-10-2016,USD,1
14-10-2016,CAD,1.3166
14-10-2016,AUD,1.3108
14-10-2016,EUR,0.9089
14-10-2016,GBP,0.8172
15-10-2016,USD,1
15-10-2016,CAD,1.3166
15-10-2016,AUD,1.3108
15-10-2016,EUR,0.9089
15-10-2016,GBP,0.8172
16-10-2016,USD,1
16-10-2016,CAD,1.3166
16-10-2016,AUD,1.3108
16-10-2016,EUR,0.9089
16-10-2016,GBP,0.8172
17-10-2016,USD,1
17-10-2016,CAD,1.3128
17-10-2016,AUD,1.3131
17-10-2016,EUR,0.9096
17-10-2016,GBP,0.823
18-10-2016,USD,1
18-10-2016,CAD,1.3083
18-10-2016,AUD,1.3037
18-10-2016,EUR,0.9097
18-10-2016,GBP,0.8147
19-10-2016,USD,1
19-10-2016,CAD,1.308
19-10-2016,AUD,1.3023
19-10-2016,EUR,0.9108
19-10-2016,GBP,0.8137
20-10-2016,USD,1
20-10-2016,CAD,1.3169
20-10-2016,AUD,1.3036
20-10-2016,EUR,0.9107
20-10-2016,GBP,0.8157
21-10-2016,USD,1
21-10-2016,CAD,1.3229
21-10-2016,AUD,1.3107
21-10-2016,EUR,0.9186
21-10-2016,GBP,0.8205
22-10-2016,USD,1
22-10-2016,CAD,1.3229
22-10-2016,AUD,1.3107
22-10-2016,EUR,0.9186
22-10-2016,GBP,0.8205
23-10-2016,USD,1
23-10-2016,CAD,1.3229
23-10-2016,AUD,1.3107
23-10-2016,EUR,0.9186
23-10-2016,GBP,0.8205
24-10-2016,USD,1
24-10-2016,CAD,1.3357
24-10-2016,AUD,1.3114
24-10-2016,EUR,0.9182
24-10-2016,GBP,0.8173
25-10-2016,USD,1
25-10-2016,CAD,1.3317
25-10-2016,AUD,1.3088
25-10-2016,EUR,0.9198
25-10-2016,GBP,0.8186
26-10-2016,USD,1
26-10-2016,CAD,1.3366
26-10-2016,AUD,1.3016
26-10-2016,EUR,0.9153
26-10-2016,GBP,0.8189
27-10-2016,USD,1
27-10-2016,CAD,1.3366
27-10-2016,AUD,1.3123
27-10-2016,EUR,0.9152
27-10-2016,GBP,0.8159
28-10-2016,USD,1
28-10-2016,CAD,1.3389
28-10-2016,AUD,1.3206
28-10-2016,EUR,0.9156
28-10-2016,GBP,0.8232
29-10-2016,USD,1
29-10-2016,CAD,1.3389
29-10-2016,AUD,1.3206
29-10-2016,EUR,0.9156
29-10-2016,GBP,0.8232
30-10-2016,USD,1
30-10-2016,CAD,1.3389
30-10-2016,AUD,1.3206
30-10-2016,EUR,0.9156
30-10-2016,GBP,0.8232
31-10-2016,USD,1
31-10-2016,CAD,1.3398
31-10-2016,AUD,1.3153
31-10-2016,EUR,0.9136
31-10-2016,GBP,0.8227
01-11-2016,USD,1
01-11-2016,CAD,1.3361
01-11-2016,AUD,1.3008
01-11-2016,EUR,0.907
01-11-2016,GBP,0.8179
02-11-2016,USD,1
02-11-2016,CAD,1.3375
02-11-2016,AUD,1.305
02-11-2016,EUR,0.9013
02-11-2016,GBP,0.8117
03-11-2016,USD,1
03-11-2016,CAD,1.3389
03-11-2016,AUD,1.3046
03-11-2016,EUR,0.9038
03-11-2016,GBP,0.8013
04-11-2016,USD,1
04-11-2016,CAD,1.3433
04-11-2016,AUD,1.3015
04-11-2016,EUR,0.9015
04-11-2016,GBP,0.8006
05-11-2016,USD,1
05-11-2016,CAD,1.3433
05-11-2016,AUD,1.3015
05-11-2016,EUR,0.9015
05-11-2016,GBP,0.8006
06-11-2016,USD,1
06-11-2016,CAD,1.3433
06-11-2016,AUD,1.3015
06-11-2016,EUR,0.9015
06-11-2016,GBP,0.8006
07-11-2016,USD,1
07-11-2016,CAD,1.3391
07-11-2016,AUD,1.3015
07-11-2016,EUR,0.904
07-11-2016,GBP,0.8049
08-11-2016,USD,1
08-11-2016,CAD,1.3368
08-11-2016,AUD,1.2984
08-11-2016,EUR,0.906
08-11-2016,GBP,0.8071
09-11-2016,USD,1
09-11-2016,CAD,1.3426
09-11-2016,AUD,1.3007
09-11-2016,EUR,0.9073
09-11-2016,GBP,0.8077
10-11-2016,USD,1
10-11-2016,CAD,1.3482
10-11-2016,AUD,1.3158
10-11-2016,EUR,0.9179
10-11-2016,GBP,0.8057
11-11-2016,USD,1
11-11-2016,CAD,1.3491
11-11-2016,AUD,1.3149
11-11-2016,EUR,0.9171
11-11-2016,GBP,0.7899
12-11-2016,USD,1
12-11-2016,CAD,1.3491
12-11-2016,AUD,1.3149
12-11-2016,EUR,0.9171
12-11-2016,GBP,0.7899
13-11-2016,USD,1
13-11-2016,CAD,1.3491
13-11-2016,AUD,1.3149
13-11-2016,EUR,0.9171
13-11-2016,GBP,0.7899
14-11-2016,USD,1
14-11-2016,CAD,1.3538
14-11-2016,AUD,1.3247
14-11-2016,EUR,0.9279
14-11-2016,GBP,0.7979
15-11-2016,USD,1
15-11-2016,CAD,1.3525
15-11-2016,AUD,1.3228
15-11-2016,EUR,0.9289
15-11-2016,GBP,0.8048
16-11-2016,USD,1
16-11-2016,CAD,1.3479
16-11-2016,AUD,1.3393
16-11-2016,EUR,0.9344
16-11-2016,GBP,0.8046
17-11-2016,USD,1
17-11-2016,CAD,1.3426
17-11-2016,AUD,1.3398
17-11-2016,EUR,0.9331
17-11-2016,GBP,0.803
18-11-2016,USD,1
18-11-2016,CAD,1.3515
18-11-2016,AUD,1.3525
18-11-2016,EUR,0.9408
18-11-2016,GBP,0.8112
19-11-2016,USD,1
19-11-2016,CAD,1.3515
19-11-2016,AUD,1.3525
19-11-2016,EUR,0.9408
19-11-2016,GBP,0.8112
20-11-2016,USD,1
20-11-2016,CAD,1.3515
20-11-2016,AUD,1.3525
20-11-2016,EUR,0.9408
20-11-2016,GBP,0.8112
21-11-2016,USD,1
21-11-2016,CAD,1.3459
21-11-2016,AUD,1.3568
21-11-2016,EUR,0.9406
21-11-2016,GBP,0.8064
22-11-2016,USD,1
22-11-2016,CAD,1.3403
22-11-2016,AUD,1.3518
22-11-2016,EUR,0.9419
22-11-2016,GBP,0.8046
23-11-2016,USD,1
23-11-2016,CAD,1.345
23-11-2016,AUD,1.3482
23-11-2016,EUR,0.9432
23-11-2016,GBP,0.8054
24-11-2016,USD,1
24-11-2016,CAD,1.3493
24-11-2016,AUD,1.3532
24-11-2016,EUR,0.948
24-11-2016,GBP,0.8039
25-11-2016,USD,1
25-11-2016,CAD,1.3491
25-11-2016,AUD,1.3435
25-11-2016,EUR,0.9441
25-11-2016,GBP,0.8042
26-11-2016,USD,1
26-11-2016,CAD,1.3491
26-11-2016,AUD,1.3435
26-11-2016,EUR,0.9441
26-11-2016,GBP,0.8042
27-11-2016,USD,1
27-11-2016,CAD,1.3491
27-11-2016,AUD,1.3435
27-11-2016,EUR,0.9441
27-11-2016,GBP,0.8042
28-11-2016,USD,1
28-11-2016,CAD,1.3451
28-11-2016,AUD,1.3406
28-11-2016,EUR,0.9445
28-11-2016,GBP,0.8057
29-11-2016,USD,1
29-11-2016,CAD,1.3457
29-11-2016,AUD,1.3436
29-11-2016,EUR,0.9455
29-11-2016,GBP,0.802
30-11-2016,USD,1
30-11-2016,CAD,1.3383
30-11-2016,AUD,1.3438
30-11-2016,EUR,0.9403
30-11-2016,GBP,0.8016
01-12-2016,USD,1
01-12-2016,CAD,1.34
01-12-2016,AUD,1.353
01-12-2016,EUR,0.941
01-12-2016,GBP,0.7914
02-12-2016,USD,1
02-12-2016,CAD,1.3303
02-12-2016,AUD,1.3468
02-12-2016,EUR,0.9397
02-12-2016,GBP,0.7922
03-12-2016,USD,1
03-12-2016,CAD,1.3303
03-12-2016,AUD,1.3468
03-12-2016,EUR,0.9397
03-12-2016,GBP,0.7922
04-12-2016,USD,1
04-12-2016,CAD,1.3303
04-12-2016,AUD,1.3468
04-12-2016,EUR,0.9397
04-12-2016,GBP,0.7922
05-12-2016,USD,1
05-12-2016,CAD,1.3306
05-12-2016,AUD,1.3447
05-12-2016,EUR,0.9344
05-12-2016,GBP,0.7865
06-12-2016,USD,1
06-12-2016,CAD,1.3268
06-12-2016,AUD,1.3411
06-12-2016,EUR,0.9316
06-12-2016,GBP,0.7845
07-12-2016,USD,1
07-12-2016,CAD,1.3273
07-12-2016,AUD,1.3428
07-12-2016,EUR,0.932
07-12-2016,GBP,0.7931
08-12-2016,USD,1
08-12-2016,CAD,1.3215
08-12-2016,AUD,1.3386
08-12-2016,EUR,0.9292
08-12-2016,GBP,0.7898
09-12-2016,USD,1
09-12-2016,CAD,1.3177
09-12-2016,AUD,1.3392
09-12-2016,EUR,0.9471
09-12-2016,GBP,0.7949
10-12-2016,USD,1
10-12-2016,CAD,1.3177
10-12-2016,AUD,1.3392
10-12-2016,EUR,0.9471
10-12-2016,GBP,0.7949
11-12-2016,USD,1
11-12-2016,CAD,1.3177
11-12-2016,AUD,1.3392
11-12-2016,EUR,0.9471
11-12-2016,GBP,0.7949
12-12-2016,USD,1
12-12-2016,CAD,1.3135
12-12-2016,AUD,1.3377
12-12-2016,EUR,0.9438
12-12-2016,GBP,0.7918
13-12-2016,USD,1
13-12-2016,CAD,1.3121
13-12-2016,AUD,1.3341
13-12-2016,EUR,0.9425
13-12-2016,GBP,0.7869
14-12-2016,USD,1
14-12-2016,CAD,1.3116
14-12-2016,AUD,1.3319
14-12-2016,EUR,0.9395
14-12-2016,GBP,0.7888
15-12-2016,USD,1
15-12-2016,CAD,1.3343
15-12-2016,AUD,1.3542
15-12-2016,EUR,0.9598
15-12-2016,GBP,0.8024
16-12-2016,USD,1
16-12-2016,CAD,1.3373
16-12-2016,AUD,1.364
16-12-2016,EUR,0.9579
16-12-2016,GBP,0.8036
17-12-2016,USD,1
17-12-2016,CAD,1.3373
17-12-2016,AUD,1.364
17-12-2016,EUR,0.9579
17-12-2016,GBP,0.8036
18-12-2016,USD,1
18-12-2016,CAD,1.3373
18-12-2016,AUD,1.364
18-12-2016,EUR,0.9579
18-12-2016,GBP,0.8036
19-12-2016,USD,1
19-12-2016,CAD,1.3382
19-12-2016,AUD,1.377
19-12-2016,EUR,0.9595
19-12-2016,GBP,0.8073
20-12-2016,USD,1
20-12-2016,CAD,1.3408
20-12-2016,AUD,1.3817
20-12-2016,EUR,0.9649
20-12-2016,GBP,0.8103
21-12-2016,USD,1
21-12-2016,CAD,1.3369
21-12-2016,AUD,1.3763
21-12-2016,EUR,0.9596
21-12-2016,GBP,0.8084
22-12-2016,USD,1
22-12-2016,CAD,1.3468
22-12-2016,AUD,1.3855
22-12-2016,EUR,0.9575
22-12-2016,GBP,0.8105
23-12-2016,USD,1
23-12-2016,CAD,1.3514
23-12-2016,AUD,1.3944
23-12-2016,EUR,0.9573
23-12-2016,GBP,0.8164
24-12-2016,USD,1
24-12-2016,CAD,1.3514
24-12-2016,AUD,1.3944
24-12-2016,EUR,0.9573
24-12-2016,GBP,0.8164
25-12-2016,USD,1
25-12-2016,CAD,1.3514
25-12-2016,AUD,1.3944
25-12-2016,EUR,0.9573
25-12-2016,GBP,0.8164
26-12-2016,USD,1
26-12-2016,CAD,1.3514
26-12-2016,AUD,1.3944
26-12-2016,EUR,0.9573
26-12-2016,GBP,0.8164
27-12-2016,USD,1
27-12-2016,CAD,1.3534
27-12-2016,AUD,1.3913
27-12-2016,EUR,0.9574
27-12-2016,GBP,0.8167
28-12-2016,USD,1
28-12-2016,CAD,1.3575
28-12-2016,AUD,1.3933
28-12-2016,EUR,0.9614
28-12-2016,GBP,0.8185
29-12-2016,USD,1
29-12-2016,CAD,1.3541
29-12-2016,AUD,1.3876
29-12-2016,EUR,0.9567
29-12-2016,GBP,0.816
30-12-2016,USD,1
30-12-2016,CAD,1.346
30-12-2016,AUD,1.3847
30-12-2016,EUR,0.9487
30-12-2016,GBP,0.8122
31-12-2016,USD,1
31-12-2016,CAD,1.346
31-12-2016,AUD,1.3847
31-12-2016,EUR,0.9487
31-12-2016,GBP,0.8122
01-01-2017,USD,1
01-01-2017,CAD,1.346
01-01-2017,AUD,1.3847
01-01-2017,EUR,0.9487
01-01-2017,GBP,0.8122
02-01-2017,USD,1
02-01-2017,CAD,1.3445
02-01-2017,AUD,1.3926
02-01-2017,EUR,0.9556
02-01-2017,GBP,0.8136
03-01-2017,USD,1
03-01-2017,CAD,1.3444
03-01-2017,AUD,1.3854
03-01-2017,EUR,0.9629
03-01-2017,GBP,0.8143
04-01-2017,USD,1
04-01-2017,CAD,1.3312
04-01-2017,AUD,1.3771
04-01-2017,EUR,0.9581
04-01-2017,GBP,0.8139
05-01-2017,USD,1
05-01-2017,CAD,1.33
05-01-2017,AUD,1.3714
05-01-2017,EUR,0.9523
05-01-2017,GBP,0.8136
06-01-2017,USD,1
06-01-2017,CAD,1.3258
06-01-2017,AUD,1.363
06-01-2017,EUR,0.9444
06-01-2017,GBP,0.8088
07-01-2017,USD,1
07-01-2017,CAD,1.3258
07-01-2017,AUD,1.363
07-01-2017,EUR,0.9444
07-01-2017,GBP,0.8088
08-01-2017,USD,1
08-01-2017,CAD,1.3258
08-01-2017,AUD,1.363
08-01-2017,EUR,0.9444
08-01-2017,GBP,0.8088
09-01-2017,USD,1
09-01-2017,CAD,1.3269
09-01-2017,AUD,1.3653
09-01-2017,EUR,0.9509
09-01-2017,GBP,0.8241
10-01-2017,USD,1
10-01-2017,CAD,1.3241
10-01-2017,AUD,1.3627
10-01-2017,EUR,0.9463
10-01-2017,GBP,0.8228
11-01-2017,USD,1
11-01-2017,CAD,1.3252
11-01-2017,AUD,1.3559
11-01-2017,EUR,0.9521
11-01-2017,GBP,0.8257
12-01-2017,USD,1
12-01-2017,CAD,1.3057
12-01-2017,AUD,1.3302
12-01-2017,EUR,0.9364
12-01-2017,GBP,0.8132
13-01-2017,USD,1
13-01-2017,CAD,1.3141
13-01-2017,AUD,1.3343
13-01-2017,EUR,0.938
13-01-2017,GBP,0.8212
14-01-2017,USD,1
14-01-2017,CAD,1.3141
14-01-2017,AUD,1.3343
14-01-2017,EUR,0.938
14-01-2017,GBP,0.8212
15-01-2017,USD,1
15-01-2017,CAD,1.3141
15-01-2017,AUD,1.3343
15-01-2017,EUR,0.938
15-01-2017,GBP,0.8212
16-01-2017,USD,1
16-01-2017,CAD,1.3146
16-01-2017,AUD,1.3377
16-01-2017,EUR,0.9439
16-01-2017,GBP,0.8288
17-01-2017,USD,1
17-01-2017,CAD,1.306
17-01-2017,AUD,1.3255
17-01-2017,EUR,0.936
17-01-2017,GBP,0.8123
18-01-2017,USD,1
18-01-2017,CAD,1.3115
18-01-2017,AUD,1.3248
18-01-2017,EUR,0.9377
18-01-2017,GBP,0.8143
19-01-2017,USD,1
19-01-2017,CAD,1.3282
19-01-2017,AUD,1.3229
19-01-2017,EUR,0.9374
19-01-2017,GBP,0.8114
20-01-2017,USD,1
20-01-2017,CAD,1.3372
20-01-2017,AUD,1.3276
20-01-2017,EUR,0.9406
20-01-2017,GBP,0.8145
21-01-2017,USD,1
21-01-2017,CAD,1.3372
21-01-2017,AUD,1.3276
21-01-2017,EUR,0.9406
21-01-2017,GBP,0.8145
22-01-2017,USD,1
22-01-2017,CAD,1.3372
22-01-2017,AUD,1.3276
22-01-2017,EUR,0.9406
22-01-2017,GBP,0.8145
23-01-2017,USD,1
23-01-2017,CAD,1.3314
23-01-2017,AUD,1.3212
23-01-2017,EUR,0.9333
23-01-2017,GBP,0.804
24-01-2017,USD,1
24-01-2017,CAD,1.3274
24-01-2017,AUD,1.321
24-01-2017,EUR,0.9304
24-01-2017,GBP,0.8034
25-01-2017,USD,1
25-01-2017,CAD,1.3097
25-01-2017,AUD,1.323
25-01-2017,EUR,0.9308
25-01-2017,GBP,0.7942
26-01-2017,USD,1
26-01-2017,CAD,1.3129
26-01-2017,AUD,1.3276
26-01-2017,EUR,0.9346
26-01-2017,GBP,0.7957
27-01-2017,USD,1
27-01-2017,CAD,1.3119
27-01-2017,AUD,1.3266
27-01-2017,EUR,0.9362
27-01-2017,GBP,0.7974
28-01-2017,USD,1
28-01-2017,CAD,1.3119
28-01-2017,AUD,1.3266
28-01-2017,EUR,0.9362
28-01-2017,GBP,0.7974
29-01-2017,USD,1
29-01-2017,CAD,1.3119
29-01-2017,AUD,1.3266
29-01-2017,EUR,0.9362
29-01-2017,GBP,0.7974
30-01-2017,USD,1
30-01-2017,CAD,1.3154
30-01-2017,AUD,1.3273
30-01-2017,EUR,0.9407
30-01-2017,GBP,0.799
31-01-2017,USD,1
31-01-2017,CAD,1.3069
31-01-2017,AUD,1.3201
31-01-2017,EUR,0.9298
31-01-2017,GBP,0.8006
01-02-2017,USD,1
01-02-2017,CAD,1.3065
01-02-2017,AUD,1.3184
01-02-2017,EUR,0.9268
01-02-2017,GBP,0.7916
02-02-2017,USD,1
02-02-2017,CAD,1.3
02-02-2017,AUD,1.3009
02-02-2017,EUR,0.9252
02-02-2017,GBP,0.7963
03-02-2017,USD,1
03-02-2017,CAD,1.3056
03-02-2017,AUD,1.3087
03-02-2017,EUR,0.931
03-02-2017,GBP,0.8008
04-02-2017,USD,1
04-02-2017,CAD,1.3056
04-02-2017,AUD,1.3087
04-02-2017,EUR,0.931
04-02-2017,GBP,0.8008
05-02-2017,USD,1
05-02-2017,CAD,1.3056
05-02-2017,AUD,1.3087
05-02-2017,EUR,0.931
05-02-2017,GBP,0.8008
06-02-2017,USD,1
06-02-2017,CAD,1.3057
06-02-2017,AUD,1.3075
06-02-2017,EUR,0.9335
06-02-2017,GBP,0.8024
07-02-2017,USD,1
07-02-2017,CAD,1.3182
07-02-2017,AUD,1.3128
07-02-2017,EUR,0.9368
07-02-2017,GBP,0.8087
08-02-2017,USD,1
08-02-2017,CAD,1.3146
08-02-2017,AUD,1.309
08-02-2017,EUR,0.9376
08-02-2017,GBP,0.8
09-02-2017,USD,1
09-02-2017,CAD,1.3109
09-02-2017,AUD,1.3061
09-02-2017,EUR,0.9353
09-02-2017,GBP,0.7958
10-02-2017,USD,1
10-02-2017,CAD,1.3139
10-02-2017,AUD,1.3082
10-02-2017,EUR,0.9408
10-02-2017,GBP,0.8024
11-02-2017,USD,1
11-02-2017,CAD,1.3139
11-02-2017,AUD,1.3082
11-02-2017,EUR,0.9408
11-02-2017,GBP,0.8024
12-02-2017,USD,1
12-02-2017,CAD,1.3139
12-02-2017,AUD,1.3082
12-02-2017,EUR,0.9408
12-02-2017,GBP,0.8024
13-02-2017,USD,1
13-02-2017,CAD,1.3093
13-02-2017,AUD,1.3046
13-02-2017,EUR,0.9408
13-02-2017,GBP,0.7987
14-02-2017,USD,1
14-02-2017,CAD,1.303
14-02-2017,AUD,1.3003
14-02-2017,EUR,0.9414
14-02-2017,GBP,0.8011
15-02-2017,USD,1
15-02-2017,CAD,1.3083
15-02-2017,AUD,1.3037
15-02-2017,EUR,0.9474
15-02-2017,GBP,0.8053
16-02-2017,USD,1
16-02-2017,CAD,1.3016
16-02-2017,AUD,1.2963
16-02-2017,EUR,0.9388
16-02-2017,GBP,0.799
17-02-2017,USD,1
17-02-2017,CAD,1.3079
17-02-2017,AUD,1.3044
17-02-2017,EUR,0.939
17-02-2017,GBP,0.8049
18-02-2017,USD,1
18-02-2017,CAD,1.3079
18-02-2017,AUD,1.3044
18-02-2017,EUR,0.939
18-02-2017,GBP,0.8049
19-02-2017,USD,1
19-02-2017,CAD,1.3079
19-02-2017,AUD,1.3044
19-02-2017,EUR,0.939
19-02-2017,GBP,0.8049
20-02-2017,USD,1
20-02-2017,CAD,1.311
20-02-2017,AUD,1.3032
20-02-2017,EUR,0.942
20-02-2017,GBP,0.802
21-02-2017,USD,1
21-02-2017,CAD,1.3135
21-02-2017,AUD,1.3061
21-02-2017,EUR,0.949
21-02-2017,GBP,0.8054
22-02-2017,USD,1
22-02-2017,CAD,1.3168
22-02-2017,AUD,1.3021
22-02-2017,EUR,0.9512
22-02-2017,GBP,0.8033
23-02-2017,USD,1
23-02-2017,CAD,1.3116
23-02-2017,AUD,1.2949
23-02-2017,EUR,0.9458
23-02-2017,GBP,0.8004
24-02-2017,USD,1
24-02-2017,CAD,1.3109
24-02-2017,AUD,1.3023
24-02-2017,EUR,0.9426
24-02-2017,GBP,0.7965
25-02-2017,USD,1
25-02-2017,CAD,1.3109
25-02-2017,AUD,1.3023
25-02-2017,EUR,0.9426
25-02-2017,GBP,0.7965
26-02-2017,USD,1
26-02-2017,CAD,1.3109
26-02-2017,AUD,1.3023
26-02-2017,EUR,0.9426
26-02-2017,GBP,0.7965
27-02-2017,USD,1
27-02-2017,CAD,1.3119
27-02-2017,AUD,1.3031
27-02-2017,EUR,0.9446
27-02-2017,GBP,0.8055
28-02-2017,USD,1
28-02-2017,CAD,1.3196
28-02-2017,AUD,1.3029
28-02-2017,EUR,0.9437
28-02-2017,GBP,0.805
01-03-2017,USD,1
01-03-2017,CAD,1.3333
01-03-2017,AUD,1.3056
01-03-2017,EUR,0.9494
01-03-2017,GBP,0.8122
02-03-2017,USD,1
02-03-2017,CAD,1.3381
02-03-2017,AUD,1.3163
02-03-2017,EUR,0.9511
02-03-2017,GBP,0.8138
03-03-2017,USD,1
03-03-2017,CAD,1.3404
03-03-2017,AUD,1.321
03-03-2017,EUR,0.9465
03-03-2017,GBP,0.8174
04-03-2017,USD,1
04-03-2017,CAD,1.3404
04-03-2017,AUD,1.321
04-03-2017,EUR,0.9465
04-03-2017,GBP,0.8174
05-03-2017,USD,1
05-03-2017,CAD,1.3404
05-03-2017,AUD,1.321
05-03-2017,EUR,0.9465
05-03-2017,GBP,0.8174
06-03-2017,USD,1
06-03-2017,CAD,1.339
06-03-2017,AUD,1.3158
06-03-2017,EUR,0.9441
06-03-2017,GBP,0.8148
07-03-2017,USD,1
07-03-2017,CAD,1.3418
07-03-2017,AUD,1.3162
07-03-2017,EUR,0.9455
07-03-2017,GBP,0.8199
08-03-2017,USD,1
08-03-2017,CAD,1.3445
08-03-2017,AUD,1.3232
08-03-2017,EUR,0.9473
08-03-2017,GBP,0.8218
09-03-2017,USD,1
09-03-2017,CAD,1.3527
09-03-2017,AUD,1.3311
09-03-2017,EUR,0.9478
09-03-2017,GBP,0.8213
10-03-2017,USD,1
10-03-2017,CAD,1.3504
10-03-2017,AUD,1.329
10-03-2017,EUR,0.9429
10-03-2017,GBP,0.8226
11-03-2017,USD,1
11-03-2017,CAD,1.3504
11-03-2017,AUD,1.329
11-03-2017,EUR,0.9429
11-03-2017,GBP,0.8226
12-03-2017,USD,1
12-03-2017,CAD,1.3504
12-03-2017,AUD,1.329
12-03-2017,EUR,0.9429
12-03-2017,GBP,0.8226
13-03-2017,USD,1
13-03-2017,CAD,1.3458
13-03-2017,AUD,1.3203
13-03-2017,EUR,0.9378
13-03-2017,GBP,0.8183
14-03-2017,USD,1
14-03-2017,CAD,1.3487
14-03-2017,AUD,1.3238
14-03-2017,EUR,0.9406
14-03-2017,GBP,0.8237
15-03-2017,USD,1
15-03-2017,CAD,1.3454
15-03-2017,AUD,1.3173
15-03-2017,EUR,0.9414
15-03-2017,GBP,0.8197
16-03-2017,USD,1
16-03-2017,CAD,1.3311
16-03-2017,AUD,1.3001
16-03-2017,EUR,0.9323
16-03-2017,GBP,0.8093
17-03-2017,USD,1
17-03-2017,CAD,1.3315
17-03-2017,AUD,1.2983
17-03-2017,EUR,0.9314
17-03-2017,GBP,0.8091
18-03-2017,USD,1
18-03-2017,CAD,1.3315
18-03-2017,AUD,1.2983
18-03-2017,EUR,0.9314
18-03-2017,GBP,0.8091
19-03-2017,USD,1
19-03-2017,CAD,1.3315
19-03-2017,AUD,1.2983
19-03-2017,EUR,0.9314
19-03-2017,GBP,0.8091
20-03-2017,USD,1
20-03-2017,CAD,1.3355
20-03-2017,AUD,1.2948
20-03-2017,EUR,0.9301
20-03-2017,GBP,0.8072
21-03-2017,USD,1
21-03-2017,CAD,1.3284
21-03-2017,AUD,1.2932
21-03-2017,EUR,0.9258
21-03-2017,GBP,0.8031
22-03-2017,USD,1
22-03-2017,CAD,1.3378
22-03-2017,AUD,1.3034
22-03-2017,EUR,0.9253
22-03-2017,GBP,0.8031
23-03-2017,USD,1
23-03-2017,CAD,1.3339
23-03-2017,AUD,1.3102
23-03-2017,EUR,0.9271
23-03-2017,GBP,0.7999
24-03-2017,USD,1
24-03-2017,CAD,1.3372
24-03-2017,AUD,1.3125
24-03-2017,EUR,0.9255
24-03-2017,GBP,0.8015
25-03-2017,USD,1
25-03-2017,CAD,1.3372
25-03-2017,AUD,1.3125
25-03-2017,EUR,0.9255
25-03-2017,GBP,0.8015
26-03-2017,USD,1
26-03-2017,CAD,1.3372
26-03-2017,AUD,1.3125
26-03-2017,EUR,0.9255
26-03-2017,GBP,0.8015
27-03-2017,USD,1
27-03-2017,CAD,1.3349
27-03-2017,AUD,1.3097
27-03-2017,EUR,0.9184
27-03-2017,GBP,0.7935
28-03-2017,USD,1
28-03-2017,CAD,1.3395
28-03-2017,AUD,1.3151
28-03-2017,EUR,0.9209
28-03-2017,GBP,0.7962
29-03-2017,USD,1
29-03-2017,CAD,1.3379
29-03-2017,AUD,1.3082
29-03-2017,EUR,0.9304
29-03-2017,GBP,0.8037
30-03-2017,USD,1
30-03-2017,CAD,1.3337
30-03-2017,AUD,1.3028
30-03-2017,EUR,0.9314
30-03-2017,GBP,0.8026
31-03-2017,USD,1
31-03-2017,CAD,1.3343
31-03-2017,AUD,1.3078
31-03-2017,EUR,0.9354
31-03-2017,GBP,0.8002
01-04-2017,USD,1
01-04-2017,CAD,1.3343
01-04-2017,AUD,1.3078
01-04-2017,EUR,0.9354
01-04-2017,GBP,0.8002
02-04-2017,USD,1
02-04-2017,CAD,1.3343
02-04-2017,AUD,1.3078
02-04-2017,EUR,0.9354
02-04-2017,GBP,0.8002
03-04-2017,USD,1
03-04-2017,CAD,1.3347
03-04-2017,AUD,1.3143
03-04-2017,EUR,0.938
03-04-2017,GBP,0.7997
04-04-2017,USD,1
04-04-2017,CAD,1.3445
04-04-2017,AUD,1.3247
04-04-2017,EUR,0.9389
04-04-2017,GBP,0.8039
05-04-2017,USD,1
05-04-2017,CAD,1.3384
05-04-2017,AUD,1.3191
05-04-2017,EUR,0.9365
05-04-2017,GBP,0.8008
06-04-2017,USD,1
06-04-2017,CAD,1.3428
06-04-2017,AUD,1.3222
06-04-2017,EUR,0.9376
06-04-2017,GBP,0.8025
07-04-2017,USD,1
07-04-2017,CAD,1.3411
07-04-2017,AUD,1.3286
07-04-2017,EUR,0.9407
07-04-2017,GBP,0.805
08-04-2017,USD,1
08-04-2017,CAD,1.3411
08-04-2017,AUD,1.3286
08-04-2017,EUR,0.9407
08-04-2017,GBP,0.805
09-04-2017,USD,1
09-04-2017,CAD,1.3411
09-04-2017,AUD,1.3286
09-04-2017,EUR,0.9407
09-04-2017,GBP,0.805
10-04-2017,USD,1
10-04-2017,CAD,1.3382
10-04-2017,AUD,1.3348
10-04-2017,EUR,0.9454
10-04-2017,GBP,0.8067
11-04-2017,USD,1
11-04-2017,CAD,1.3319
11-04-2017,AUD,1.3317
11-04-2017,EUR,0.942
11-04-2017,GBP,0.8038
12-04-2017,USD,1
12-04-2017,CAD,1.3309
12-04-2017,AUD,1.3355
12-04-2017,EUR,0.943
12-04-2017,GBP,0.8
13-04-2017,USD,1
13-04-2017,CAD,1.3235
13-04-2017,AUD,1.3196
13-04-2017,EUR,0.9407
13-04-2017,GBP,0.7974
14-04-2017,USD,1
14-04-2017,CAD,1.3235
14-04-2017,AUD,1.3196
14-04-2017,EUR,0.9407
14-04-2017,GBP,0.7974
15-04-2017,USD,1
15-04-2017,CAD,1.3235
15-04-2017,AUD,1.3196
15-04-2017,EUR,0.9407
15-04-2017,GBP,0.7974
16-04-2017,USD,1
16-04-2017,CAD,1.3235
16-04-2017,AUD,1.3196
16-04-2017,EUR,0.9407
16-04-2017,GBP,0.7974
17-04-2017,USD,1
17-04-2017,CAD,1.3235
17-04-2017,AUD,1.3196
17-04-2017,EUR,0.9407
17-04-2017,GBP,0.7974
18-04-2017,USD,1
18-04-2017,CAD,1.3362
18-04-2017,AUD,1.3251
18-04-2017,EUR,0.9362
18-04-2017,GBP,0.7899
19-04-2017,USD,1
19-04-2017,CAD,1.3441
19-04-2017,AUD,1.3291
19-04-2017,EUR,0.9324
19-04-2017,GBP,0.7779
20-04-2017,USD,1
20-04-2017,CAD,1.3489
20-04-2017,AUD,1.3288
20-04-2017,EUR,0.9307
20-04-2017,GBP,0.781
21-04-2017,USD,1
21-04-2017,CAD,1.3473
21-04-2017,AUD,1.3291
21-04-2017,EUR,0.9348
21-04-2017,GBP,0.7826
22-04-2017,USD,1
22-04-2017,CAD,1.3473
22-04-2017,AUD,1.3291
22-04-2017,EUR,0.9348
22-04-2017,GBP,0.7826
23-04-2017,USD,1
23-04-2017,CAD,1.3473
23-04-2017,AUD,1.3291
23-04-2017,EUR,0.9348
23-04-2017,GBP,0.7826
24-04-2017,USD,1
24-04-2017,CAD,1.3431
24-04-2017,AUD,1.321
24-04-2017,EUR,0.9218
24-04-2017,GBP,0.782
25-04-2017,USD,1
25-04-2017,CAD,1.358
25-04-2017,AUD,1.3272
25-04-2017,EUR,0.9182
25-04-2017,GBP,0.7798
26-04-2017,USD,1
26-04-2017,CAD,1.3579
26-04-2017,AUD,1.3365
26-04-2017,EUR,0.918
26-04-2017,GBP,0.7794
27-04-2017,USD,1
27-04-2017,CAD,1.3586
27-04-2017,AUD,1.3396
27-04-2017,EUR,0.919
27-04-2017,GBP,0.7758
28-04-2017,USD,1
28-04-2017,CAD,1.3645
28-04-2017,AUD,1.3384
28-04-2017,EUR,0.9149
28-04-2017,GBP,0.7729
29-04-2017,USD,1
29-04-2017,CAD,1.3645
29-04-2017,AUD,1.3384
29-04-2017,EUR,0.9149
29-04-2017,GBP,0.7729
30-04-2017,USD,1
30-04-2017,CAD,1.3645
30-04-2017,AUD,1.3384
30-04-2017,EUR,0.9149
30-04-2017,GBP,0.7729
01-05-2017,USD,1
01-05-2017,CAD,1.3645
01-05-2017,AUD,1.3384
01-05-2017,EUR,0.9149
01-05-2017,GBP,0.7729
02-05-2017,USD,1
02-05-2017,CAD,1.3677
02-05-2017,AUD,1.3301
02-05-2017,EUR,0.9162
02-05-2017,GBP,0.7743
03-05-2017,USD,1
03-05-2017,CAD,1.3728
03-05-2017,AUD,1.3385
03-05-2017,EUR,0.9158
03-05-2017,GBP,0.7733
04-05-2017,USD,1
04-05-2017,CAD,1.3737
04-05-2017,AUD,1.352
04-05-2017,EUR,0.9152
04-05-2017,GBP,0.7757
05-05-2017,USD,1
05-05-2017,CAD,1.3771
05-05-2017,AUD,1.3532
05-05-2017,EUR,0.9123
05-05-2017,GBP,0.7728
06-05-2017,USD,1
06-05-2017,CAD,1.3771
06-05-2017,AUD,1.3532
06-05-2017,EUR,0.9123
06-05-2017,GBP,0.7728
07-05-2017,USD,1
07-05-2017,CAD,1.3771
07-05-2017,AUD,1.3532
07-05-2017,EUR,0.9123
07-05-2017,GBP,0.7728
08-05-2017,USD,1
08-05-2017,CAD,1.3701
08-05-2017,AUD,1.3523
08-05-2017,EUR,0.9142
08-05-2017,GBP,0.7722
09-05-2017,USD,1
09-05-2017,CAD,1.3704
09-05-2017,AUD,1.3601
09-05-2017,EUR,0.9184
09-05-2017,GBP,0.7742
10-05-2017,USD,1
10-05-2017,CAD,1.3697
10-05-2017,AUD,1.3545
10-05-2017,EUR,0.9189
10-05-2017,GBP,0.7718
11-05-2017,USD,1
11-05-2017,CAD,1.3726
11-05-2017,AUD,1.357
11-05-2017,EUR,0.9208
11-05-2017,GBP,0.7779
12-05-2017,USD,1
12-05-2017,CAD,1.3738
12-05-2017,AUD,1.3545
12-05-2017,EUR,0.9195
12-05-2017,GBP,0.7777
13-05-2017,USD,1
13-05-2017,CAD,1.3738
13-05-2017,AUD,1.3545
13-05-2017,EUR,0.9195
13-05-2017,GBP,0.7777
14-05-2017,USD,1
14-05-2017,CAD,1.3738
14-05-2017,AUD,1.3545
14-05-2017,EUR,0.9195
14-05-2017,GBP,0.7777
15-05-2017,USD,1
15-05-2017,CAD,1.3608
15-05-2017,AUD,1.3435
15-05-2017,EUR,0.9114
15-05-2017,GBP,0.774
16-05-2017,USD,1
16-05-2017,CAD,1.3616
16-05-2017,AUD,1.3491
16-05-2017,EUR,0.9042
16-05-2017,GBP,0.7765
17-05-2017,USD,1
17-05-2017,CAD,1.3615
17-05-2017,AUD,1.3505
17-05-2017,EUR,0.8995
17-05-2017,GBP,0.7713
18-05-2017,USD,1
18-05-2017,CAD,1.3643
18-05-2017,AUD,1.344
18-05-2017,EUR,0.8986
18-05-2017,GBP,0.767
19-05-2017,USD,1
19-05-2017,CAD,1.3569
19-05-2017,AUD,1.3446
19-05-2017,EUR,0.8945
19-05-2017,GBP,0.7685
20-05-2017,USD,1
20-05-2017,CAD,1.3569
20-05-2017,AUD,1.3446
20-05-2017,EUR,0.8945
20-05-2017,GBP,0.7685
21-05-2017,USD,1
21-05-2017,CAD,1.3569
21-05-2017,AUD,1.3446
21-05-2017,EUR,0.8945
21-05-2017,GBP,0.7685
22-05-2017,USD,1
22-05-2017,CAD,1.3496
22-05-2017,AUD,1.3385
22-05-2017,EUR,0.8894
22-05-2017,GBP,0.7681
23-05-2017,USD,1
23-05-2017,CAD,1.3468
23-05-2017,AUD,1.3321
23-05-2017,EUR,0.8917
23-05-2017,GBP,0.771
24-05-2017,USD,1
24-05-2017,CAD,1.3499
24-05-2017,AUD,1.3374
24-05-2017,EUR,0.8934
24-05-2017,GBP,0.7714
25-05-2017,USD,1
25-05-2017,CAD,1.3432
25-05-2017,AUD,1.3396
25-05-2017,EUR,0.8917
25-05-2017,GBP,0.7716
26-05-2017,USD,1
26-05-2017,CAD,1.3466
26-05-2017,AUD,1.3432
26-05-2017,EUR,0.8932
26-05-2017,GBP,0.7788
27-05-2017,USD,1
27-05-2017,CAD,1.3466
27-05-2017,AUD,1.3432
27-05-2017,EUR,0.8932
27-05-2017,GBP,0.7788
28-05-2017,USD,1
28-05-2017,CAD,1.3466
28-05-2017,AUD,1.3432
28-05-2017,EUR,0.8932
28-05-2017,GBP,0.7788
29-05-2017,USD,1
29-05-2017,CAD,1.3455
29-05-2017,AUD,1.3447
29-05-2017,EUR,0.8938
29-05-2017,GBP,0.7785
30-05-2017,USD,1
30-05-2017,CAD,1.3468
30-05-2017,AUD,1.3418
30-05-2017,EUR,0.895
30-05-2017,GBP,0.7768
31-05-2017,USD,1
31-05-2017,CAD,1.3464
31-05-2017,AUD,1.3416
31-05-2017,EUR,0.8912
31-05-2017,GBP,0.7786
01-06-2017,USD,1
01-06-2017,CAD,1.3508
01-06-2017,AUD,1.3532
01-06-2017,EUR,0.8913
01-06-2017,GBP,0.7775
02-06-2017,USD,1
02-06-2017,CAD,1.3523
02-06-2017,AUD,1.3527
02-06-2017,EUR,0.8915
02-06-2017,GBP,0.778
03-06-2017,USD,1
03-06-2017,CAD,1.3523
03-06-2017,AUD,1.3527
03-06-2017,EUR,0.8915
03-06-2017,GBP,0.778
04-06-2017,USD,1
04-06-2017,CAD,1.3523
04-06-2017,AUD,1.3527
04-06-2017,EUR,0.8915
04-06-2017,GBP,0.778
05-06-2017,USD,1
05-06-2017,CAD,1.3489
05-06-2017,AUD,1.337
05-06-2017,EUR,0.889
05-06-2017,GBP,0.7746
06-06-2017,USD,1
06-06-2017,CAD,1.3475
06-06-2017,AUD,1.3359
06-06-2017,EUR,0.8883
06-06-2017,GBP,0.7748
07-06-2017,USD,1
07-06-2017,CAD,1.3448
07-06-2017,AUD,1.3234
07-06-2017,EUR,0.8915
07-06-2017,GBP,0.7748
08-06-2017,USD,1
08-06-2017,CAD,1.3514
08-06-2017,AUD,1.3264
08-06-2017,EUR,0.8906
08-06-2017,GBP,0.7726
09-06-2017,USD,1
09-06-2017,CAD,1.3509
09-06-2017,AUD,1.3276
09-06-2017,EUR,0.8948
09-06-2017,GBP,0.7842
10-06-2017,USD,1
10-06-2017,CAD,1.3509
10-06-2017,AUD,1.3276
10-06-2017,EUR,0.8948
10-06-2017,GBP,0.7842
11-06-2017,USD,1
11-06-2017,CAD,1.3509
11-06-2017,AUD,1.3276
11-06-2017,EUR,0.8948
11-06-2017,GBP,0.7842
12-06-2017,USD,1
12-06-2017,CAD,1.3437
12-06-2017,AUD,1.3256
12-06-2017,EUR,0.8912
12-06-2017,GBP,0.7891
13-06-2017,USD,1
13-06-2017,CAD,1.3276
13-06-2017,AUD,1.3266
13-06-2017,EUR,0.8915
13-06-2017,GBP,0.7852
14-06-2017,USD,1
14-06-2017,CAD,1.3207
14-06-2017,AUD,1.3191
14-06-2017,EUR,0.8926
14-06-2017,GBP,0.7851
15-06-2017,USD,1
15-06-2017,CAD,1.3278
15-06-2017,AUD,1.3185
15-06-2017,EUR,0.8956
15-06-2017,GBP,0.7849
16-06-2017,USD,1
16-06-2017,CAD,1.3223
16-06-2017,AUD,1.3149
16-06-2017,EUR,0.8955
16-06-2017,GBP,0.7831
17-06-2017,USD,1
17-06-2017,CAD,1.3223
17-06-2017,AUD,1.3149
17-06-2017,EUR,0.8955
17-06-2017,GBP,0.7831
18-06-2017,USD,1
18-06-2017,CAD,1.3223
18-06-2017,AUD,1.3149
18-06-2017,EUR,0.8955
18-06-2017,GBP,0.7831
19-06-2017,USD,1
19-06-2017,CAD,1.324
19-06-2017,AUD,1.3131
19-06-2017,EUR,0.8929
19-06-2017,GBP,0.7815
20-06-2017,USD,1
20-06-2017,CAD,1.3277
20-06-2017,AUD,1.3153
20-06-2017,EUR,0.8964
20-06-2017,GBP,0.7901
21-06-2017,USD,1
21-06-2017,CAD,1.328
21-06-2017,AUD,1.3221
21-06-2017,EUR,0.8971
21-06-2017,GBP,0.7877
22-06-2017,USD,1
22-06-2017,CAD,1.3298
22-06-2017,AUD,1.3262
22-06-2017,EUR,0.8953
22-06-2017,GBP,0.7894
23-06-2017,USD,1
23-06-2017,CAD,1.3231
23-06-2017,AUD,1.3214
23-06-2017,EUR,0.895
23-06-2017,GBP,0.7859
24-06-2017,USD,1
24-06-2017,CAD,1.3231
24-06-2017,AUD,1.3214
24-06-2017,EUR,0.895
24-06-2017,GBP,0.7859
25-06-2017,USD,1
25-06-2017,CAD,1.3231
25-06-2017,AUD,1.3214
25-06-2017,EUR,0.895
25-06-2017,GBP,0.7859
26-06-2017,USD,1
26-06-2017,CAD,1.324
26-06-2017,AUD,1.3204
26-06-2017,EUR,0.8939
26-06-2017,GBP,0.7851
27-06-2017,USD,1
27-06-2017,CAD,1.3207
27-06-2017,AUD,1.314
27-06-2017,EUR,0.8867
27-06-2017,GBP,0.7836
28-06-2017,USD,1
28-06-2017,CAD,1.3088
28-06-2017,AUD,1.3175
28-06-2017,EUR,0.8791
28-06-2017,GBP,0.7782
29-06-2017,USD,1
29-06-2017,CAD,1.3026
29-06-2017,AUD,1.3027
29-06-2017,EUR,0.8762
29-06-2017,GBP,0.771
30-06-2017,USD,1
30-06-2017,CAD,1.2956
30-06-2017,AUD,1.3013
30-06-2017,EUR,0.8763
30-06-2017,GBP,0.7705
01-07-2017,USD,1
01-07-2017,CAD,1.2956
01-07-2017,AUD,1.3013
01-07-2017,EUR,0.8763
01-07-2017,GBP,0.7705
02-07-2017,USD,1
02-07-2017,CAD,1.2956
02-07-2017,AUD,1.3013
02-07-2017,EUR,0.8763
02-07-2017,GBP,0.7705
03-07-2017,USD,1
03-07-2017,CAD,1.2978
03-07-2017,AUD,1.306
03-07-2017,EUR,0.8796
03-07-2017,GBP,0.7714
04-07-2017,USD,1
04-07-2017,CAD,1.2975
04-07-2017,AUD,1.3144
04-07-2017,EUR,0.8808
04-07-2017,GBP,0.7734
05-07-2017,USD,1
05-07-2017,CAD,1.296
05-07-2017,AUD,1.3166
05-07-2017,EUR,0.8827
05-07-2017,GBP,0.7744
06-07-2017,USD,1
06-07-2017,CAD,1.2936
06-07-2017,AUD,1.3182
06-07-2017,EUR,0.8783
06-07-2017,GBP,0.7731
07-07-2017,USD,1
07-07-2017,CAD,1.2974
07-07-2017,AUD,1.3149
07-07-2017,EUR,0.8763
07-07-2017,GBP,0.7754
08-07-2017,USD,1
08-07-2017,CAD,1.2974
08-07-2017,AUD,1.3149
08-07-2017,EUR,0.8763
08-07-2017,GBP,0.7754
09-07-2017,USD,1
09-07-2017,CAD,1.2974
09-07-2017,AUD,1.3149
09-07-2017,EUR,0.8763
09-07-2017,GBP,0.7754
10-07-2017,USD,1
10-07-2017,CAD,1.2912
10-07-2017,AUD,1.3172
10-07-2017,EUR,0.8782
10-07-2017,GBP,0.7767
11-07-2017,USD,1
11-07-2017,CAD,1.2905
11-07-2017,AUD,1.3142
11-07-2017,EUR,0.8768
11-07-2017,GBP,0.7744
12-07-2017,USD,1
12-07-2017,CAD,1.2934
12-07-2017,AUD,1.3072
12-07-2017,EUR,0.8734
12-07-2017,GBP,0.7767
13-07-2017,USD,1
13-07-2017,CAD,1.2756
13-07-2017,AUD,1.2937
13-07-2017,EUR,0.8759
13-07-2017,GBP,0.7727
14-07-2017,USD,1
14-07-2017,CAD,1.2724
14-07-2017,AUD,1.2887
14-07-2017,EUR,0.876
14-07-2017,GBP,0.7708
15-07-2017,USD,1
15-07-2017,CAD,1.2724
15-07-2017,AUD,1.2887
15-07-2017,EUR,0.876
15-07-2017,GBP,0.7708
16-07-2017,USD,1
16-07-2017,CAD,1.2724
16-07-2017,AUD,1.2887
16-07-2017,EUR,0.876
16-07-2017,GBP,0.7708
17-07-2017,USD,1
17-07-2017,CAD,1.2652
17-07-2017,AUD,1.277
17-07-2017,EUR,0.8724
17-07-2017,GBP,0.7656
18-07-2017,USD,1
18-07-2017,CAD,1.259
18-07-2017,AUD,1.2605
18-07-2017,EUR,0.8654
18-07-2017,GBP,0.7683
19-07-2017,USD,1
19-07-2017,CAD,1.2607
19-07-2017,AUD,1.26
19-07-2017,EUR,0.8671
19-07-2017,GBP,0.7672
20-07-2017,USD,1
20-07-2017,CAD,1.2614
20-07-2017,AUD,1.2634
20-07-2017,EUR,0.8707
20-07-2017,GBP,0.7725
21-07-2017,USD,1
21-07-2017,CAD,1.2596
21-07-2017,AUD,1.2626
21-07-2017,EUR,0.859
21-07-2017,GBP,0.7697
22-07-2017,USD,1
22-07-2017,CAD,1.2596
22-07-2017,AUD,1.2626
22-07-2017,EUR,0.859
22-07-2017,GBP,0.7697
23-07-2017,USD,1
23-07-2017,CAD,1.2596
23-07-2017,AUD,1.2626
23-07-2017,EUR,0.859
23-07-2017,GBP,0.7697
24-07-2017,USD,1
24-07-2017,CAD,1.2521
24-07-2017,AUD,1.2587
24-07-2017,EUR,0.8585
24-07-2017,GBP,0.7671
25-07-2017,USD,1
25-07-2017,CAD,1.2492
25-07-2017,AUD,1.2565
25-07-2017,EUR,0.8551
25-07-2017,GBP,0.7645
26-07-2017,USD,1
26-07-2017,CAD,1.2518
26-07-2017,AUD,1.2639
26-07-2017,EUR,0.8588
26-07-2017,GBP,0.7667
27-07-2017,USD,1
27-07-2017,CAD,1.2488
27-07-2017,AUD,1.25
27-07-2017,EUR,0.8551
27-07-2017,GBP,0.7609
28-07-2017,USD,1
28-07-2017,CAD,1.2543
28-07-2017,AUD,1.256
28-07-2017,EUR,0.8526
28-07-2017,GBP,0.7636
29-07-2017,USD,1
29-07-2017,CAD,1.2543
29-07-2017,AUD,1.256
29-07-2017,EUR,0.8526
29-07-2017,GBP,0.7636
30-07-2017,USD,1
30-07-2017,CAD,1.2543
30-07-2017,AUD,1.256
30-07-2017,EUR,0.8526
30-07-2017,GBP,0.7636
31-07-2017,USD,1
31-07-2017,CAD,1.2471
31-07-2017,AUD,1.2546
31-07-2017,EUR,0.8527
31-07-2017,GBP,0.7625
01-08-2017,USD,1
01-08-2017,CAD,1.2476
01-08-2017,AUD,1.2541
01-08-2017,EUR,0.8466
01-08-2017,GBP,0.7572
02-08-2017,USD,1
02-08-2017,CAD,1.2546
02-08-2017,AUD,1.2551
02-08-2017,EUR,0.8454
02-08-2017,GBP,0.756
03-08-2017,USD,1
03-08-2017,CAD,1.2606
03-08-2017,AUD,1.2599
03-08-2017,EUR,0.8432
03-08-2017,GBP,0.7615
04-08-2017,USD,1
04-08-2017,CAD,1.2572
04-08-2017,AUD,1.2545
04-08-2017,EUR,0.8426
04-08-2017,GBP,0.7607
05-08-2017,USD,1
05-08-2017,CAD,1.2572
05-08-2017,AUD,1.2545
05-08-2017,EUR,0.8426
05-08-2017,GBP,0.7607
06-08-2017,USD,1
06-08-2017,CAD,1.2572
06-08-2017,AUD,1.2545
06-08-2017,EUR,0.8426
06-08-2017,GBP,0.7607
07-08-2017,USD,1
07-08-2017,CAD,1.268
07-08-2017,AUD,1.2638
07-08-2017,EUR,0.8477
07-08-2017,GBP,0.7666
08-08-2017,USD,1
08-08-2017,CAD,1.2662
08-08-2017,AUD,1.2597
08-08-2017,EUR,0.8465
08-08-2017,GBP,0.7675
09-08-2017,USD,1
09-08-2017,CAD,1.268
09-08-2017,AUD,1.2683
09-08-2017,EUR,0.8524
09-08-2017,GBP,0.7701
10-08-2017,USD,1
10-08-2017,CAD,1.272
10-08-2017,AUD,1.269
10-08-2017,EUR,0.8524
10-08-2017,GBP,0.7697
11-08-2017,USD,1
11-08-2017,CAD,1.2712
11-08-2017,AUD,1.2717
11-08-2017,EUR,0.85
11-08-2017,GBP,0.7705
12-08-2017,USD,1
12-08-2017,CAD,1.2712
12-08-2017,AUD,1.2717
12-08-2017,EUR,0.85
12-08-2017,GBP,0.7705
13-08-2017,USD,1
13-08-2017,CAD,1.2712
13-08-2017,AUD,1.2717
13-08-2017,EUR,0.85
13-08-2017,GBP,0.7705
14-08-2017,USD,1
14-08-2017,CAD,1.2694
14-08-2017,AUD,1.2703
14-08-2017,EUR,0.8477
14-08-2017,GBP,0.7708
15-08-2017,USD,1
15-08-2017,CAD,1.2738
15-08-2017,AUD,1.2755
15-08-2017,EUR,0.8515
15-08-2017,GBP,0.7761
16-08-2017,USD,1
16-08-2017,CAD,1.2731
16-08-2017,AUD,1.2727
16-08-2017,EUR,0.854
16-08-2017,GBP,0.7771
17-08-2017,USD,1
17-08-2017,CAD,1.2625
17-08-2017,AUD,1.2615
17-08-2017,EUR,0.8549
17-08-2017,GBP,0.7771
18-08-2017,USD,1
18-08-2017,CAD,1.2657
18-08-2017,AUD,1.2632
18-08-2017,EUR,0.8518
18-08-2017,GBP,0.7767
19-08-2017,USD,1
19-08-2017,CAD,1.2657
19-08-2017,AUD,1.2632
19-08-2017,EUR,0.8518
19-08-2017,GBP,0.7767
20-08-2017,USD,1
20-08-2017,CAD,1.2657
20-08-2017,AUD,1.2632
20-08-2017,EUR,0.8518
20-08-2017,GBP,0.7767
21-08-2017,USD,1
21-08-2017,CAD,1.2597
21-08-2017,AUD,1.261
21-08-2017,EUR,0.8503
21-08-2017,GBP,0.7764
22-08-2017,USD,1
22-08-2017,CAD,1.2578
22-08-2017,AUD,1.2647
22-08-2017,EUR,0.8495
22-08-2017,GBP,0.7791
23-08-2017,USD,1
23-08-2017,CAD,1.2584
23-08-2017,AUD,1.2659
23-08-2017,EUR,0.8475
23-08-2017,GBP,0.7809
24-08-2017,USD,1
24-08-2017,CAD,1.2522
24-08-2017,AUD,1.2664
24-08-2017,EUR,0.847
24-08-2017,GBP,0.7793
25-08-2017,USD,1
25-08-2017,CAD,1.2508
25-08-2017,AUD,1.2635
25-08-2017,EUR,0.8469
25-08-2017,GBP,0.7798
26-08-2017,USD,1
26-08-2017,CAD,1.2508
26-08-2017,AUD,1.2635
26-08-2017,EUR,0.8469
26-08-2017,GBP,0.7798
27-08-2017,USD,1
27-08-2017,CAD,1.2508
27-08-2017,AUD,1.2635
27-08-2017,EUR,0.8469
27-08-2017,GBP,0.7798
28-08-2017,USD,1
28-08-2017,CAD,1.2466
28-08-2017,AUD,1.2585
28-08-2017,EUR,0.8386
28-08-2017,GBP,0.7742
29-08-2017,USD,1
29-08-2017,CAD,1.2481
29-08-2017,AUD,1.2542
29-08-2017,EUR,0.83
29-08-2017,GBP,0.7716
30-08-2017,USD,1
30-08-2017,CAD,1.2555
30-08-2017,AUD,1.2602
30-08-2017,EUR,0.8392
30-08-2017,GBP,0.7741
31-08-2017,USD,1
31-08-2017,CAD,1.266
31-08-2017,AUD,1.2699
31-08-2017,EUR,0.8457
31-08-2017,GBP,0.7778
01-09-2017,USD,1
01-09-2017,CAD,1.2441
01-09-2017,AUD,1.2602
01-09-2017,EUR,0.8389
01-09-2017,GBP,0.7724
02-09-2017,USD,1
02-09-2017,CAD,1.2441
02-09-2017,AUD,1.2602
02-09-2017,EUR,0.8389
02-09-2017,GBP,0.7724
03-09-2017,USD,1
03-09-2017,CAD,1.2441
03-09-2017,AUD,1.2602
03-09-2017,EUR,0.8389
03-09-2017,GBP,0.7724
04-09-2017,USD,1
04-09-2017,CAD,1.241
04-09-2017,AUD,1.2566
04-09-2017,EUR,0.84
04-09-2017,GBP,0.7716
05-09-2017,USD,1
05-09-2017,CAD,1.239
05-09-2017,AUD,1.2533
05-09-2017,EUR,0.841
05-09-2017,GBP,0.7716
06-09-2017,USD,1
06-09-2017,CAD,1.2394
06-09-2017,AUD,1.254
06-09-2017,EUR,0.8382
06-09-2017,GBP,0.7663
07-09-2017,USD,1
07-09-2017,CAD,1.2185
07-09-2017,AUD,1.2468
07-09-2017,EUR,0.8354
07-09-2017,GBP,0.7635
08-09-2017,USD,1
08-09-2017,CAD,1.2087
08-09-2017,AUD,1.2339
08-09-2017,EUR,0.8292
08-09-2017,GBP,0.7568
09-09-2017,USD,1
09-09-2017,CAD,1.2087
09-09-2017,AUD,1.2339
09-09-2017,EUR,0.8292
09-09-2017,GBP,0.7568
10-09-2017,USD,1
10-09-2017,CAD,1.2087
10-09-2017,AUD,1.2339
10-09-2017,EUR,0.8292
10-09-2017,GBP,0.7568
11-09-2017,USD,1
11-09-2017,CAD,1.2121
11-09-2017,AUD,1.2432
11-09-2017,EUR,0.8335
11-09-2017,GBP,0.7566
12-09-2017,USD,1
12-09-2017,CAD,1.2132
12-09-2017,AUD,1.2442
12-09-2017,EUR,0.838
12-09-2017,GBP,0.7532
13-09-2017,USD,1
13-09-2017,CAD,1.214
13-09-2017,AUD,1.2446
13-09-2017,EUR,0.8348
13-09-2017,GBP,0.7533
14-09-2017,USD,1
14-09-2017,CAD,1.2201
14-09-2017,AUD,1.2517
14-09-2017,EUR,0.8414
14-09-2017,GBP,0.7499
15-09-2017,USD,1
15-09-2017,CAD,1.2137
15-09-2017,AUD,1.2464
15-09-2017,EUR,0.8359
15-09-2017,GBP,0.736
16-09-2017,USD,1
16-09-2017,CAD,1.2137
16-09-2017,AUD,1.2464
16-09-2017,EUR,0.8359
16-09-2017,GBP,0.736
17-09-2017,USD,1
17-09-2017,CAD,1.2137
17-09-2017,AUD,1.2464
17-09-2017,EUR,0.8359
17-09-2017,GBP,0.736
18-09-2017,USD,1
18-09-2017,CAD,1.2204
18-09-2017,AUD,1.251
18-09-2017,EUR,0.837
18-09-2017,GBP,0.7386
19-09-2017,USD,1
19-09-2017,CAD,1.229
19-09-2017,AUD,1.2503
19-09-2017,EUR,0.8353
19-09-2017,GBP,0.7402
20-09-2017,USD,1
20-09-2017,CAD,1.2244
20-09-2017,AUD,1.2402
20-09-2017,EUR,0.8328
20-09-2017,GBP,0.7386
21-09-2017,USD,1
21-09-2017,CAD,1.2358
21-09-2017,AUD,1.2601
21-09-2017,EUR,0.84
21-09-2017,GBP,0.7412
22-09-2017,USD,1
22-09-2017,CAD,1.2269
22-09-2017,AUD,1.255
22-09-2017,EUR,0.8361
22-09-2017,GBP,0.737
23-09-2017,USD,1
23-09-2017,CAD,1.2269
23-09-2017,AUD,1.255
23-09-2017,EUR,0.8361
23-09-2017,GBP,0.737
24-09-2017,USD,1
24-09-2017,CAD,1.2269
24-09-2017,AUD,1.255
24-09-2017,EUR,0.8361
24-09-2017,GBP,0.737
25-09-2017,USD,1
25-09-2017,CAD,1.2328
25-09-2017,AUD,1.257
25-09-2017,EUR,0.8427
25-09-2017,GBP,0.741
26-09-2017,USD,1
26-09-2017,CAD,1.2391
26-09-2017,AUD,1.2678
26-09-2017,EUR,0.8484
26-09-2017,GBP,0.7447
27-09-2017,USD,1
27-09-2017,CAD,1.2396
27-09-2017,AUD,1.2737
27-09-2017,EUR,0.8517
27-09-2017,GBP,0.7458
28-09-2017,USD,1
28-09-2017,CAD,1.2467
28-09-2017,AUD,1.2781
28-09-2017,EUR,0.849
28-09-2017,GBP,0.7441
29-09-2017,USD,1
29-09-2017,CAD,1.244
29-09-2017,AUD,1.2769
29-09-2017,EUR,0.847
29-09-2017,GBP,0.7469
30-09-2017,USD,1
30-09-2017,CAD,1.244
30-09-2017,AUD,1.2769
30-09-2017,EUR,0.847
30-09-2017,GBP,0.7469
01-10-2017,USD,1
01-10-2017,CAD,1.244
01-10-2017,AUD,1.2769
01-10-2017,EUR,0.847
01-10-2017,GBP,0.7469
02-10-2017,USD,1
02-10-2017,CAD,1.2511
02-10-2017,AUD,1.2803
02-10-2017,EUR,0.8515
02-10-2017,GBP,0.7529
03-10-2017,USD,1
03-10-2017,CAD,1.2501
03-10-2017,AUD,1.2796
03-10-2017,EUR,0.8508
03-10-2017,GBP,0.7555
04-10-2017,USD,1
04-10-2017,CAD,1.2453
04-10-2017,AUD,1.2714
04-10-2017,EUR,0.8484
04-10-2017,GBP,0.7531
05-10-2017,USD,1
05-10-2017,CAD,1.2481
05-10-2017,AUD,1.2787
05-10-2017,EUR,0.8516
05-10-2017,GBP,0.7593
06-10-2017,USD,1
06-10-2017,CAD,1.2575
06-10-2017,AUD,1.2864
06-10-2017,EUR,0.8542
06-10-2017,GBP,0.7648
07-10-2017,USD,1
07-10-2017,CAD,1.2575
07-10-2017,AUD,1.2864
07-10-2017,EUR,0.8542
07-10-2017,GBP,0.7648
08-10-2017,USD,1
08-10-2017,CAD,1.2575
08-10-2017,AUD,1.2864
08-10-2017,EUR,0.8542
08-10-2017,GBP,0.7648
09-10-2017,USD,1
09-10-2017,CAD,1.2541
09-10-2017,AUD,1.2891
09-10-2017,EUR,0.8514
09-10-2017,GBP,0.7594
10-10-2017,USD,1
10-10-2017,CAD,1.2499
10-10-2017,AUD,1.2846
10-10-2017,EUR,0.8477
10-10-2017,GBP,0.7579
11-10-2017,USD,1
11-10-2017,CAD,1.2509
11-10-2017,AUD,1.2837
11-10-2017,EUR,0.8453
11-10-2017,GBP,0.7583
12-10-2017,USD,1
12-10-2017,CAD,1.247
12-10-2017,AUD,1.2799
12-10-2017,EUR,0.8435
12-10-2017,GBP,0.7611
13-10-2017,USD,1
13-10-2017,CAD,1.2499
13-10-2017,AUD,1.2769
13-10-2017,EUR,0.8467
13-10-2017,GBP,0.7534
14-10-2017,USD,1
14-10-2017,CAD,1.2499
14-10-2017,AUD,1.2769
14-10-2017,EUR,0.8467
14-10-2017,GBP,0.7534
15-10-2017,USD,1
15-10-2017,CAD,1.2499
15-10-2017,AUD,1.2769
15-10-2017,EUR,0.8467
15-10-2017,GBP,0.7534
16-10-2017,USD,1
16-10-2017,CAD,1.2539
16-10-2017,AUD,1.2705
16-10-2017,EUR,0.8472
16-10-2017,GBP,0.752
17-10-2017,USD,1
17-10-2017,CAD,1.2536
17-10-2017,AUD,1.2751
17-10-2017,EUR,0.8504
17-10-2017,GBP,0.7581
18-10-2017,USD,1
18-10-2017,CAD,1.2529
18-10-2017,AUD,1.2775
18-10-2017,EUR,0.8511
18-10-2017,GBP,0.7599
19-10-2017,USD,1
19-10-2017,CAD,1.2458
19-10-2017,AUD,1.2703
19-10-2017,EUR,0.845
19-10-2017,GBP,0.759
20-10-2017,USD,1
20-10-2017,CAD,1.2494
20-10-2017,AUD,1.2739
20-10-2017,EUR,0.8462
20-10-2017,GBP,0.7584
21-10-2017,USD,1
21-10-2017,CAD,1.2494
21-10-2017,AUD,1.2739
21-10-2017,EUR,0.8462
21-10-2017,GBP,0.7584
22-10-2017,USD,1
22-10-2017,CAD,1.2494
22-10-2017,AUD,1.2739
22-10-2017,EUR,0.8462
22-10-2017,GBP,0.7584
23-10-2017,USD,1
23-10-2017,CAD,1.2636
23-10-2017,AUD,1.2792
23-10-2017,EUR,0.8518
23-10-2017,GBP,0.7589
24-10-2017,USD,1
24-10-2017,CAD,1.2648
24-10-2017,AUD,1.2853
24-10-2017,EUR,0.8503
24-10-2017,GBP,0.7593
25-10-2017,USD,1
25-10-2017,CAD,1.2697
25-10-2017,AUD,1.2967
25-10-2017,EUR,0.8485
25-10-2017,GBP,0.7542
26-10-2017,USD,1
26-10-2017,CAD,1.2798
26-10-2017,AUD,1.2974
26-10-2017,EUR,0.8508
26-10-2017,GBP,0.7573
27-10-2017,USD,1
27-10-2017,CAD,1.2892
27-10-2017,AUD,1.3094
27-10-2017,EUR,0.8617
27-10-2017,GBP,0.7637
28-10-2017,USD,1
28-10-2017,CAD,1.2892
28-10-2017,AUD,1.3094
28-10-2017,EUR,0.8617
28-10-2017,GBP,0.7637
29-10-2017,USD,1
29-10-2017,CAD,1.2892
29-10-2017,AUD,1.3094
29-10-2017,EUR,0.8617
29-10-2017,GBP,0.7637
30-10-2017,USD,1
30-10-2017,CAD,1.2847
30-10-2017,AUD,1.3045
30-10-2017,EUR,0.8612
30-10-2017,GBP,0.7577
31-10-2017,USD,1
31-10-2017,CAD,1.2892
31-10-2017,AUD,1.3069
31-10-2017,EUR,0.8593
31-10-2017,GBP,0.7549
01-11-2017,USD,1
01-11-2017,CAD,1.2906
01-11-2017,AUD,1.3035
01-11-2017,EUR,0.8612
01-11-2017,GBP,0.7525
02-11-2017,USD,1
02-11-2017,CAD,1.2847
02-11-2017,AUD,1.2982
02-11-2017,EUR,0.8587
02-11-2017,GBP,0.7616
03-11-2017,USD,1
03-11-2017,CAD,1.2722
03-11-2017,AUD,1.3026
03-11-2017,EUR,0.8579
03-11-2017,GBP,0.7628
04-11-2017,USD,1
04-11-2017,CAD,1.2722
04-11-2017,AUD,1.3026
04-11-2017,EUR,0.8579
04-11-2017,GBP,0.7628
05-11-2017,USD,1
05-11-2017,CAD,1.2722
05-11-2017,AUD,1.3026
05-11-2017,EUR,0.8579
05-11-2017,GBP,0.7628
06-11-2017,USD,1
06-11-2017,CAD,1.2758
06-11-2017,AUD,1.3046
06-11-2017,EUR,0.8628
06-11-2017,GBP,0.7626
07-11-2017,USD,1
07-11-2017,CAD,1.2767
07-11-2017,AUD,1.307
07-11-2017,EUR,0.8649
07-11-2017,GBP,0.7614
08-11-2017,USD,1
08-11-2017,CAD,1.2729
08-11-2017,AUD,1.3023
08-11-2017,EUR,0.8628
08-11-2017,GBP,0.7628
09-11-2017,USD,1
09-11-2017,CAD,1.2708
09-11-2017,AUD,1.3021
09-11-2017,EUR,0.8598
09-11-2017,GBP,0.7621
10-11-2017,USD,1
10-11-2017,CAD,1.267
10-11-2017,AUD,1.304
10-11-2017,EUR,0.8581
10-11-2017,GBP,0.7583
11-11-2017,USD,1
11-11-2017,CAD,1.267
11-11-2017,AUD,1.304
11-11-2017,EUR,0.8581
11-11-2017,GBP,0.7583
12-11-2017,USD,1
12-11-2017,CAD,1.267
12-11-2017,AUD,1.304
12-11-2017,EUR,0.8581
12-11-2017,GBP,0.7583
13-11-2017,USD,1
13-11-2017,CAD,1.2705
13-11-2017,AUD,1.3089
13-11-2017,EUR,0.8579
13-11-2017,GBP,0.7637
14-11-2017,USD,1
14-11-2017,CAD,1.2714
14-11-2017,AUD,1.3079
14-11-2017,EUR,0.8514
14-11-2017,GBP,0.7628
15-11-2017,USD,1
15-11-2017,CAD,1.2756
15-11-2017,AUD,1.316
15-11-2017,EUR,0.8446
15-11-2017,GBP,0.7594
16-11-2017,USD,1
16-11-2017,CAD,1.2764
16-11-2017,AUD,1.3174
16-11-2017,EUR,0.8495
16-11-2017,GBP,0.7577
17-11-2017,USD,1
17-11-2017,CAD,1.2762
17-11-2017,AUD,1.3253
17-11-2017,EUR,0.8478
17-11-2017,GBP,0.7578
18-11-2017,USD,1
18-11-2017,CAD,1.2762
18-11-2017,AUD,1.3253
18-11-2017,EUR,0.8478
18-11-2017,GBP,0.7578
19-11-2017,USD,1
19-11-2017,CAD,1.2762
19-11-2017,AUD,1.3253
19-11-2017,EUR,0.8478
19-11-2017,GBP,0.7578
20-11-2017,USD,1
20-11-2017,CAD,1.2788
20-11-2017,AUD,1.3235
20-11-2017,EUR,0.8488
20-11-2017,GBP,0.7549
21-11-2017,USD,1
21-11-2017,CAD,1.2806
21-11-2017,AUD,1.3198
21-11-2017,EUR,0.8534
21-11-2017,GBP,0.7552
22-11-2017,USD,1
22-11-2017,CAD,1.2741
22-11-2017,AUD,1.3195
22-11-2017,EUR,0.8511
22-11-2017,GBP,0.7559
23-11-2017,USD,1
23-11-2017,CAD,1.2681
23-11-2017,AUD,1.3109
23-11-2017,EUR,0.844
23-11-2017,GBP,0.7512
24-11-2017,USD,1
24-11-2017,CAD,1.2708
24-11-2017,AUD,1.3122
24-11-2017,EUR,0.842
24-11-2017,GBP,0.7504
25-11-2017,USD,1
25-11-2017,CAD,1.2708
25-11-2017,AUD,1.3122
25-11-2017,EUR,0.842
25-11-2017,GBP,0.7504
26-11-2017,USD,1
26-11-2017,CAD,1.2708
26-11-2017,AUD,1.3122
26-11-2017,EUR,0.842
26-11-2017,GBP,0.7504
27-11-2017,USD,1
27-11-2017,CAD,1.2681
27-11-2017,AUD,1.3099
27-11-2017,EUR,0.8367
27-11-2017,GBP,0.7478
28-11-2017,USD,1
28-11-2017,CAD,1.2793
28-11-2017,AUD,1.3138
28-11-2017,EUR,0.8412
28-11-2017,GBP,0.7532
29-11-2017,USD,1
29-11-2017,CAD,1.2832
29-11-2017,AUD,1.3213
29-11-2017,EUR,0.8455
29-11-2017,GBP,0.7465
30-11-2017,USD,1
30-11-2017,CAD,1.2885
30-11-2017,AUD,1.3215
30-11-2017,EUR,0.844
30-11-2017,GBP,0.7426
01-12-2017,USD,1
01-12-2017,CAD,1.2874
01-12-2017,AUD,1.3204
01-12-2017,EUR,0.8414
01-12-2017,GBP,0.7414
02-12-2017,USD,1
02-12-2017,CAD,1.2874
02-12-2017,AUD,1.3204
02-12-2017,EUR,0.8414
02-12-2017,GBP,0.7414
03-12-2017,USD,1
03-12-2017,CAD,1.2874
03-12-2017,AUD,1.3204
03-12-2017,EUR,0.8414
03-12-2017,GBP,0.7414
04-12-2017,USD,1
04-12-2017,CAD,1.2671
04-12-2017,AUD,1.3135
04-12-2017,EUR,0.8428
04-12-2017,GBP,0.7394
05-12-2017,USD,1
05-12-2017,CAD,1.2633
05-12-2017,AUD,1.3094
05-12-2017,EUR,0.8441
05-12-2017,GBP,0.7443
06-12-2017,USD,1
06-12-2017,CAD,1.2662
06-12-2017,AUD,1.3172
06-12-2017,EUR,0.8462
06-12-2017,GBP,0.7475
07-12-2017,USD,1
07-12-2017,CAD,1.2838
07-12-2017,AUD,1.3306
07-12-2017,EUR,0.8485
07-12-2017,GBP,0.7472
08-12-2017,USD,1
08-12-2017,CAD,1.2836
08-12-2017,AUD,1.3303
08-12-2017,EUR,0.8516
08-12-2017,GBP,0.7454
09-12-2017,USD,1
09-12-2017,CAD,1.2836
09-12-2017,AUD,1.3303
09-12-2017,EUR,0.8516
09-12-2017,GBP,0.7454
10-12-2017,USD,1
10-12-2017,CAD,1.2836
10-12-2017,AUD,1.3303
10-12-2017,EUR,0.8516
10-12-2017,GBP,0.7454
11-12-2017,USD,1
11-12-2017,CAD,1.2859
11-12-2017,AUD,1.3288
11-12-2017,EUR,0.8477
11-12-2017,GBP,0.7481
12-12-2017,USD,1
12-12-2017,CAD,1.2832
12-12-2017,AUD,1.3208
12-12-2017,EUR,0.8499
12-12-2017,GBP,0.7485
13-12-2017,USD,1
13-12-2017,CAD,1.286
13-12-2017,AUD,1.321
13-12-2017,EUR,0.8521
13-12-2017,GBP,0.749
14-12-2017,USD,1
14-12-2017,CAD,1.2829
14-12-2017,AUD,1.3045
14-12-2017,EUR,0.8442
14-12-2017,GBP,0.7443
15-12-2017,USD,1
15-12-2017,CAD,1.2765
15-12-2017,AUD,1.3029
15-12-2017,EUR,0.847
15-12-2017,GBP,0.7475
16-12-2017,USD,1
16-12-2017,CAD,1.2765
16-12-2017,AUD,1.3029
16-12-2017,EUR,0.847
16-12-2017,GBP,0.7475
17-12-2017,USD,1
17-12-2017,CAD,1.2765
17-12-2017,AUD,1.3029
17-12-2017,EUR,0.847
17-12-2017,GBP,0.7475
18-12-2017,USD,1
18-12-2017,CAD,1.2874
18-12-2017,AUD,1.305
18-12-2017,EUR,0.8478
18-12-2017,GBP,0.7478
19-12-2017,USD,1
19-12-2017,CAD,1.2862
19-12-2017,AUD,1.3031
19-12-2017,EUR,0.8458
19-12-2017,GBP,0.7485
20-12-2017,USD,1
20-12-2017,CAD,1.285
20-12-2017,AUD,1.3024
20-12-2017,EUR,0.8442
20-12-2017,GBP,0.7456
21-12-2017,USD,1
21-12-2017,CAD,1.2804
21-12-2017,AUD,1.3029
21-12-2017,EUR,0.8432
21-12-2017,GBP,0.7485
22-12-2017,USD,1
22-12-2017,CAD,1.2703
22-12-2017,AUD,1.2957
22-12-2017,EUR,0.8437
22-12-2017,GBP,0.7472
23-12-2017,USD,1
23-12-2017,CAD,1.2703
23-12-2017,AUD,1.2957
23-12-2017,EUR,0.8437
23-12-2017,GBP,0.7472
24-12-2017,USD,1
24-12-2017,CAD,1.2703
24-12-2017,AUD,1.2957
24-12-2017,EUR,0.8437
24-12-2017,GBP,0.7472
25-12-2017,USD,1
25-12-2017,CAD,1.2703
25-12-2017,AUD,1.2957
25-12-2017,EUR,0.8437
25-12-2017,GBP,0.7472
26-12-2017,USD,1
26-12-2017,CAD,1.2703
26-12-2017,AUD,1.2957
26-12-2017,EUR,0.8437
26-12-2017,GBP,0.7472
27-12-2017,USD,1
27-12-2017,CAD,1.2634
27-12-2017,AUD,1.2876
27-12-2017,EUR,0.8407
27-12-2017,GBP,0.7448
28-12-2017,USD,1
28-12-2017,CAD,1.261
28-12-2017,AUD,1.2846
28-12-2017,EUR,0.8379
28-12-2017,GBP,0.7438
29-12-2017,USD,1
29-12-2017,CAD,1.254
29-12-2017,AUD,1.2796
29-12-2017,EUR,0.8338
29-12-2017,GBP,0.7398
30-12-2017,USD,1
30-12-2017,CAD,1.254
30-12-2017,AUD,1.2796
30-12-2017,EUR,0.8338
30-12-2017,GBP,0.7398
31-12-2017,USD,1
31-12-2017,CAD,1.254
31-12-2017,AUD,1.2796
31-12-2017,EUR,0.8338
31-12-2017,GBP,0.7398
01-01-2018,USD,1
01-01-2018,CAD,1.254
01-01-2018,AUD,1.2796
01-01-2018,EUR,0.8338
01-01-2018,GBP,0.7398
02-01-2018,USD,1
02-01-2018,CAD,1.2539
02-01-2018,AUD,1.2775
02-01-2018,EUR,0.8288
02-01-2018,GBP,0.7373
03-01-2018,USD,1
03-01-2018,CAD,1.2515
03-01-2018,AUD,1.2758
03-01-2018,EUR,0.8317
03-01-2018,GBP,0.7373
04-01-2018,USD,1
04-01-2018,CAD,1.2527
04-01-2018,AUD,1.2763
04-01-2018,EUR,0.8288
04-01-2018,GBP,0.7385
05-01-2018,USD,1
05-01-2018,CAD,1.251
05-01-2018,AUD,1.2753
05-01-2018,EUR,0.8302
05-01-2018,GBP,0.7379
06-01-2018,USD,1
06-01-2018,CAD,1.251
06-01-2018,AUD,1.2753
06-01-2018,EUR,0.8302
06-01-2018,GBP,0.7379
07-01-2018,USD,1
07-01-2018,CAD,1.251
07-01-2018,AUD,1.2753
07-01-2018,EUR,0.8302
07-01-2018,GBP,0.7379
08-01-2018,USD,1
08-01-2018,CAD,1.2428
08-01-2018,AUD,1.277
08-01-2018,EUR,0.8352
08-01-2018,GBP,0.7384
09-01-2018,USD,1
09-01-2018,CAD,1.2425
09-01-2018,AUD,1.2774
09-01-2018,EUR,0.8381
09-01-2018,GBP,0.7398
10-01-2018,USD,1
10-01-2018,CAD,1.2451
10-01-2018,AUD,1.2749
10-01-2018,EUR,0.8339
10-01-2018,GBP,0.7394
11-01-2018,USD,1
11-01-2018,CAD,1.256
11-01-2018,AUD,1.2716
11-01-2018,EUR,0.8322
11-01-2018,GBP,0.7412
12-01-2018,USD,1
12-01-2018,CAD,1.2519
12-01-2018,AUD,1.2702
12-01-2018,EUR,0.8239
12-01-2018,GBP,0.7332
13-01-2018,USD,1
13-01-2018,CAD,1.2519
13-01-2018,AUD,1.2702
13-01-2018,EUR,0.8239
13-01-2018,GBP,0.7332
14-01-2018,USD,1
14-01-2018,CAD,1.2519
14-01-2018,AUD,1.2702
14-01-2018,EUR,0.8239
14-01-2018,GBP,0.7332
15-01-2018,USD,1
15-01-2018,CAD,1.2432
15-01-2018,AUD,1.2571
15-01-2018,EUR,0.8145
15-01-2018,GBP,0.7253
16-01-2018,USD,1
16-01-2018,CAD,1.2424
16-01-2018,AUD,1.2575
16-01-2018,EUR,0.8177
16-01-2018,GBP,0.7266
17-01-2018,USD,1
17-01-2018,CAD,1.2444
17-01-2018,AUD,1.2549
17-01-2018,EUR,0.8195
17-01-2018,GBP,0.7258
18-01-2018,USD,1
18-01-2018,CAD,1.2447
18-01-2018,AUD,1.2514
18-01-2018,EUR,0.8173
18-01-2018,GBP,0.7209
19-01-2018,USD,1
19-01-2018,CAD,1.2441
19-01-2018,AUD,1.2486
19-01-2018,EUR,0.816
19-01-2018,GBP,0.7211
20-01-2018,USD,1
20-01-2018,CAD,1.2441
20-01-2018,AUD,1.2486
20-01-2018,EUR,0.816
20-01-2018,GBP,0.7211
21-01-2018,USD,1
21-01-2018,CAD,1.2441
21-01-2018,AUD,1.2486
21-01-2018,EUR,0.816
21-01-2018,GBP,0.7211
22-01-2018,USD,1
22-01-2018,CAD,1.2477
22-01-2018,AUD,1.249
22-01-2018,EUR,0.8171
22-01-2018,GBP,0.7197
23-01-2018,USD,1
23-01-2018,CAD,1.2482
23-01-2018,AUD,1.2544
23-01-2018,EUR,0.8164
23-01-2018,GBP,0.717
24-01-2018,USD,1
24-01-2018,CAD,1.2329
24-01-2018,AUD,1.2395
24-01-2018,EUR,0.8096
24-01-2018,GBP,0.7058
25-01-2018,USD,1
25-01-2018,CAD,1.2323
25-01-2018,AUD,1.2378
25-01-2018,EUR,0.806
25-01-2018,GBP,0.7015
26-01-2018,USD,1
26-01-2018,CAD,1.2323
26-01-2018,AUD,1.2367
26-01-2018,EUR,0.8041
26-01-2018,GBP,0.7023
27-01-2018,USD,1
27-01-2018,CAD,1.2323
27-01-2018,AUD,1.2367
27-01-2018,EUR,0.8041
27-01-2018,GBP,0.7023
28-01-2018,USD,1
28-01-2018,CAD,1.2323
28-01-2018,AUD,1.2367
28-01-2018,EUR,0.8041
28-01-2018,GBP,0.7023
29-01-2018,USD,1
29-01-2018,CAD,1.2335
29-01-2018,AUD,1.2361
29-01-2018,EUR,0.8078
29-01-2018,GBP,0.7104
30-01-2018,USD,1
30-01-2018,CAD,1.2321
30-01-2018,AUD,1.2354
30-01-2018,EUR,0.8051
30-01-2018,GBP,0.7079
31-01-2018,USD,1
31-01-2018,CAD,1.2274
31-01-2018,AUD,1.2328
31-01-2018,EUR,0.8028
31-01-2018,GBP,0.7057
01-02-2018,USD,1
01-02-2018,CAD,1.2319
01-02-2018,AUD,1.2495
01-02-2018,EUR,0.8026
01-02-2018,GBP,0.7025
02-02-2018,USD,1
02-02-2018,CAD,1.2317
02-02-2018,AUD,1.2512
02-02-2018,EUR,0.8005
02-02-2018,GBP,0.7033
03-02-2018,USD,1
03-02-2018,CAD,1.2317
03-02-2018,AUD,1.2512
03-02-2018,EUR,0.8005
03-02-2018,GBP,0.7033
04-02-2018,USD,1
04-02-2018,CAD,1.2317
04-02-2018,AUD,1.2512
04-02-2018,EUR,0.8005
04-02-2018,GBP,0.7033
05-02-2018,USD,1
05-02-2018,CAD,1.2434
05-02-2018,AUD,1.2592
05-02-2018,EUR,0.8039
05-02-2018,GBP,0.712
06-02-2018,USD,1
06-02-2018,CAD,1.2562
06-02-2018,AUD,1.2757
06-02-2018,EUR,0.8111
06-02-2018,GBP,0.7209
07-02-2018,USD,1
07-02-2018,CAD,1.2518
07-02-2018,AUD,1.2712
07-02-2018,EUR,0.8105
07-02-2018,GBP,0.7187
08-02-2018,USD,1
08-02-2018,CAD,1.2571
08-02-2018,AUD,1.2809
08-02-2018,EUR,0.8162
08-02-2018,GBP,0.7143
09-02-2018,USD,1
09-02-2018,CAD,1.2609
09-02-2018,AUD,1.2809
09-02-2018,EUR,0.8148
09-02-2018,GBP,0.7231
10-02-2018,USD,1
10-02-2018,CAD,1.2609
10-02-2018,AUD,1.2809
10-02-2018,EUR,0.8148
10-02-2018,GBP,0.7231
11-02-2018,USD,1
11-02-2018,CAD,1.2609
11-02-2018,AUD,1.2809
11-02-2018,EUR,0.8148
11-02-2018,GBP,0.7231
12-02-2018,USD,1
12-02-2018,CAD,1.258
12-02-2018,AUD,1.2758
12-02-2018,EUR,0.8155
12-02-2018,GBP,0.7225
13-02-2018,USD,1
13-02-2018,CAD,1.2604
13-02-2018,AUD,1.2742
13-02-2018,EUR,0.8108
13-02-2018,GBP,0.7211
14-02-2018,USD,1
14-02-2018,CAD,1.2575
14-02-2018,AUD,1.272
14-02-2018,EUR,0.8098
14-02-2018,GBP,0.7211
15-02-2018,USD,1
15-02-2018,CAD,1.249
15-02-2018,AUD,1.2613
15-02-2018,EUR,0.8004
15-02-2018,GBP,0.7097
16-02-2018,USD,1
16-02-2018,CAD,1.2506
16-02-2018,AUD,1.2592
16-02-2018,EUR,0.8023
16-02-2018,GBP,0.7125
17-02-2018,USD,1
17-02-2018,CAD,1.2506
17-02-2018,AUD,1.2592
17-02-2018,EUR,0.8023
17-02-2018,GBP,0.7125
18-02-2018,USD,1
18-02-2018,CAD,1.2506
18-02-2018,AUD,1.2592
18-02-2018,EUR,0.8023
18-02-2018,GBP,0.7125
19-02-2018,USD,1
19-02-2018,CAD,1.2564
19-02-2018,AUD,1.2632
19-02-2018,EUR,0.8058
19-02-2018,GBP,0.7139
20-02-2018,USD,1
20-02-2018,CAD,1.2604
20-02-2018,AUD,1.2681
20-02-2018,EUR,0.8104
20-02-2018,GBP,0.7145
21-02-2018,USD,1
21-02-2018,CAD,1.2671
21-02-2018,AUD,1.2739
21-02-2018,EUR,0.8122
21-02-2018,GBP,0.7185
22-02-2018,USD,1
22-02-2018,CAD,1.2699
22-02-2018,AUD,1.2788
22-02-2018,EUR,0.8146
22-02-2018,GBP,0.7196
23-02-2018,USD,1
23-02-2018,CAD,1.2695
23-02-2018,AUD,1.2782
23-02-2018,EUR,0.8131
23-02-2018,GBP,0.715
24-02-2018,USD,1
24-02-2018,CAD,1.2695
24-02-2018,AUD,1.2782
24-02-2018,EUR,0.8131
24-02-2018,GBP,0.715
25-02-2018,USD,1
25-02-2018,CAD,1.2695
25-02-2018,AUD,1.2782
25-02-2018,EUR,0.8131
25-02-2018,GBP,0.715
26-02-2018,USD,1
26-02-2018,CAD,1.2676
26-02-2018,AUD,1.2752
26-02-2018,EUR,0.8117
26-02-2018,GBP,0.7128
27-02-2018,USD,1
27-02-2018,CAD,1.272
27-02-2018,AUD,1.2762
27-02-2018,EUR,0.8129
27-02-2018,GBP,0.7186
28-02-2018,USD,1
28-02-2018,CAD,1.2779
28-02-2018,AUD,1.2803
28-02-2018,EUR,0.8187
28-02-2018,GBP,0.7239
01-03-2018,USD,1
01-03-2018,CAD,1.2862
01-03-2018,AUD,1.2937
01-03-2018,EUR,0.8216
01-03-2018,GBP,0.7273
02-03-2018,USD,1
02-03-2018,CAD,1.288
02-03-2018,AUD,1.2902
02-03-2018,EUR,0.8122
02-03-2018,GBP,0.7255
03-03-2018,USD,1
03-03-2018,CAD,1.288
03-03-2018,AUD,1.2902
03-03-2018,EUR,0.8122
03-03-2018,GBP,0.7255
04-03-2018,USD,1
04-03-2018,CAD,1.288
04-03-2018,AUD,1.2902
04-03-2018,EUR,0.8122
04-03-2018,GBP,0.7255
05-03-2018,USD,1
05-03-2018,CAD,1.2931
05-03-2018,AUD,1.2909
05-03-2018,EUR,0.8125
05-03-2018,GBP,0.7237
06-03-2018,USD,1
06-03-2018,CAD,1.2886
06-03-2018,AUD,1.2763
06-03-2018,EUR,0.8057
06-03-2018,GBP,0.7184
07-03-2018,USD,1
07-03-2018,CAD,1.2931
07-03-2018,AUD,1.2812
07-03-2018,EUR,0.8053
07-03-2018,GBP,0.7209
08-03-2018,USD,1
08-03-2018,CAD,1.2917
08-03-2018,AUD,1.2811
08-03-2018,EUR,0.8051
08-03-2018,GBP,0.7203
09-03-2018,USD,1
09-03-2018,CAD,1.2894
09-03-2018,AUD,1.2832
09-03-2018,EUR,0.8136
09-03-2018,GBP,0.7232
10-03-2018,USD,1
10-03-2018,CAD,1.2894
10-03-2018,AUD,1.2832
10-03-2018,EUR,0.8136
10-03-2018,GBP,0.7232
11-03-2018,USD,1
11-03-2018,CAD,1.2894
11-03-2018,AUD,1.2832
11-03-2018,EUR,0.8136
11-03-2018,GBP,0.7232
12-03-2018,USD,1
12-03-2018,CAD,1.2829
12-03-2018,AUD,1.2714
12-03-2018,EUR,0.8129
12-03-2018,GBP,0.7201
13-03-2018,USD,1
13-03-2018,CAD,1.2837
13-03-2018,AUD,1.267
13-03-2018,EUR,0.8079
13-03-2018,GBP,0.7162
14-03-2018,USD,1
14-03-2018,CAD,1.293
14-03-2018,AUD,1.2648
14-03-2018,EUR,0.8085
14-03-2018,GBP,0.7165
15-03-2018,USD,1
15-03-2018,CAD,1.2985
15-03-2018,AUD,1.275
15-03-2018,EUR,0.8103
15-03-2018,GBP,0.717
16-03-2018,USD,1
16-03-2018,CAD,1.3078
16-03-2018,AUD,1.2893
16-03-2018,EUR,0.8129
16-03-2018,GBP,0.7174
17-03-2018,USD,1
17-03-2018,CAD,1.3078
17-03-2018,AUD,1.2893
17-03-2018,EUR,0.8129
17-03-2018,GBP,0.7174
18-03-2018,USD,1
18-03-2018,CAD,1.3078
18-03-2018,AUD,1.2893
18-03-2018,EUR,0.8129
18-03-2018,GBP,0.7174
19-03-2018,USD,1
19-03-2018,CAD,1.3084
19-03-2018,AUD,1.2994
19-03-2018,EUR,0.8124
19-03-2018,GBP,0.7116
20-03-2018,USD,1
20-03-2018,CAD,1.3066
20-03-2018,AUD,1.298
20-03-2018,EUR,0.8146
20-03-2018,GBP,0.7145
21-03-2018,USD,1
21-03-2018,CAD,1.298
21-03-2018,AUD,1.3018
21-03-2018,EUR,0.8139
21-03-2018,GBP,0.7114
22-03-2018,USD,1
22-03-2018,CAD,1.2901
22-03-2018,AUD,1.297
22-03-2018,EUR,0.812
22-03-2018,GBP,0.708
23-03-2018,USD,1
23-03-2018,CAD,1.2853
23-03-2018,AUD,1.2942
23-03-2018,EUR,0.81
23-03-2018,GBP,0.707
24-03-2018,USD,1
24-03-2018,CAD,1.2853
24-03-2018,AUD,1.2942
24-03-2018,EUR,0.81
24-03-2018,GBP,0.707
25-03-2018,USD,1
25-03-2018,CAD,1.2853
25-03-2018,AUD,1.2942
25-03-2018,EUR,0.81
25-03-2018,GBP,0.707
26-03-2018,USD,1
26-03-2018,CAD,1.2889
26-03-2018,AUD,1.293
26-03-2018,EUR,0.8057
26-03-2018,GBP,0.703
27-03-2018,USD,1
27-03-2018,CAD,1.2887
27-03-2018,AUD,1.2985
27-03-2018,EUR,0.808
27-03-2018,GBP,0.7106
28-03-2018,USD,1
28-03-2018,CAD,1.2884
28-03-2018,AUD,1.3012
28-03-2018,EUR,0.8066
28-03-2018,GBP,0.7066
29-03-2018,USD,1
29-03-2018,CAD,1.2901
29-03-2018,AUD,1.3015
29-03-2018,EUR,0.8116
29-03-2018,GBP,0.7101
30-03-2018,USD,1
30-03-2018,CAD,1.2901
30-03-2018,AUD,1.3015
30-03-2018,EUR,0.8116
30-03-2018,GBP,0.7101
31-03-2018,USD,1
31-03-2018,CAD,1.2901
31-03-2018,AUD,1.3015
31-03-2018,EUR,0.8116
31-03-2018,GBP,0.7101
01-04-2018,USD,1
01-04-2018,CAD,1.2901
01-04-2018,AUD,1.3015
01-04-2018,EUR,0.8116
01-04-2018,GBP,0.7101
02-04-2018,USD,1
02-04-2018,CAD,1.2901
02-04-2018,AUD,1.3015
02-04-2018,EUR,0.8116
02-04-2018,GBP,0.7101
03-04-2018,USD,1
03-04-2018,CAD,1.2852
03-04-2018,AUD,1.2995
03-04-2018,EUR,0.8125
03-04-2018,GBP,0.7111
04-04-2018,USD,1
04-04-2018,CAD,1.2835
04-04-2018,AUD,1.3016
04-04-2018,EUR,0.8146
04-04-2018,GBP,0.7134
05-04-2018,USD,1
05-04-2018,CAD,1.2772
05-04-2018,AUD,1.3002
05-04-2018,EUR,0.8157
05-04-2018,GBP,0.7128
06-04-2018,USD,1
06-04-2018,CAD,1.2792
06-04-2018,AUD,1.3024
06-04-2018,EUR,0.8174
06-04-2018,GBP,0.7135
07-04-2018,USD,1
07-04-2018,CAD,1.2792
07-04-2018,AUD,1.3024
07-04-2018,EUR,0.8174
07-04-2018,GBP,0.7135
08-04-2018,USD,1
08-04-2018,CAD,1.2792
08-04-2018,AUD,1.3024
08-04-2018,EUR,0.8174
08-04-2018,GBP,0.7135
09-04-2018,USD,1
09-04-2018,CAD,1.2781
09-04-2018,AUD,1.3045
09-04-2018,EUR,0.8127
09-04-2018,GBP,0.7078
10-04-2018,USD,1
10-04-2018,CAD,1.2657
10-04-2018,AUD,1.2925
10-04-2018,EUR,0.809
10-04-2018,GBP,0.7053
11-04-2018,USD,1
11-04-2018,CAD,1.2617
11-04-2018,AUD,1.2904
11-04-2018,EUR,0.8075
11-04-2018,GBP,0.7054
12-04-2018,USD,1
12-04-2018,CAD,1.2592
12-04-2018,AUD,1.2897
12-04-2018,EUR,0.8115
12-04-2018,GBP,0.7039
13-04-2018,USD,1
13-04-2018,CAD,1.257
13-04-2018,AUD,1.2829
13-04-2018,EUR,0.8119
13-04-2018,GBP,0.7015
14-04-2018,USD,1
14-04-2018,CAD,1.257
14-04-2018,AUD,1.2829
14-04-2018,EUR,0.8119
14-04-2018,GBP,0.7015
15-04-2018,USD,1
15-04-2018,CAD,1.257
15-04-2018,AUD,1.2829
15-04-2018,EUR,0.8119
15-04-2018,GBP,0.7015
16-04-2018,USD,1
16-04-2018,CAD,1.2608
16-04-2018,AUD,1.2876
16-04-2018,EUR,0.8084
16-04-2018,GBP,0.699
17-04-2018,USD,1
17-04-2018,CAD,1.2552
17-04-2018,AUD,1.2875
17-04-2018,EUR,0.8093
17-04-2018,GBP,0.6982
18-04-2018,USD,1
18-04-2018,CAD,1.257
18-04-2018,AUD,1.2878
18-04-2018,EUR,0.8072
18-04-2018,GBP,0.7031
19-04-2018,USD,1
19-04-2018,CAD,1.2604
19-04-2018,AUD,1.2835
19-04-2018,EUR,0.8076
19-04-2018,GBP,0.7024
20-04-2018,USD,1
20-04-2018,CAD,1.2639
20-04-2018,AUD,1.2985
20-04-2018,EUR,0.8124
20-04-2018,GBP,0.7117
21-04-2018,USD,1
21-04-2018,CAD,1.2639
21-04-2018,AUD,1.2985
21-04-2018,EUR,0.8124
21-04-2018,GBP,0.7117
22-04-2018,USD,1
22-04-2018,CAD,1.2639
22-04-2018,AUD,1.2985
22-04-2018,EUR,0.8124
22-04-2018,GBP,0.7117
23-04-2018,USD,1
23-04-2018,CAD,1.2787
23-04-2018,AUD,1.3082
23-04-2018,EUR,0.8171
23-04-2018,GBP,0.7161
24-04-2018,USD,1
24-04-2018,CAD,1.2824
24-04-2018,AUD,1.3132
24-04-2018,EUR,0.8188
24-04-2018,GBP,0.7162
25-04-2018,USD,1
25-04-2018,CAD,1.2888
25-04-2018,AUD,1.3228
25-04-2018,EUR,0.8207
25-04-2018,GBP,0.7171
26-04-2018,USD,1
26-04-2018,CAD,1.2835
26-04-2018,AUD,1.3207
26-04-2018,EUR,0.8218
26-04-2018,GBP,0.7158
27-04-2018,USD,1
27-04-2018,CAD,1.2882
27-04-2018,AUD,1.3235
27-04-2018,EUR,0.8285
27-04-2018,GBP,0.7266
28-04-2018,USD,1
28-04-2018,CAD,1.2882
28-04-2018,AUD,1.3235
28-04-2018,EUR,0.8285
28-04-2018,GBP,0.7266
29-04-2018,USD,1
29-04-2018,CAD,1.2882
29-04-2018,AUD,1.3235
29-04-2018,EUR,0.8285
29-04-2018,GBP,0.7266
30-04-2018,USD,1
30-04-2018,CAD,1.2867
30-04-2018,AUD,1.3257
30-04-2018,EUR,0.8279
30-04-2018,GBP,0.7282
01-05-2018,USD,1
01-05-2018,CAD,1.2867
01-05-2018,AUD,1.3257
01-05-2018,EUR,0.8279
01-05-2018,GBP,0.7282
02-05-2018,USD,1
02-05-2018,CAD,1.2827
02-05-2018,AUD,1.3315
02-05-2018,EUR,0.8328
02-05-2018,GBP,0.7332
03-05-2018,USD,1
03-05-2018,CAD,1.2845
03-05-2018,AUD,1.3281
03-05-2018,EUR,0.8339
03-05-2018,GBP,0.7353
04-05-2018,USD,1
04-05-2018,CAD,1.2875
04-05-2018,AUD,1.3297
04-05-2018,EUR,0.8355
04-05-2018,GBP,0.7372
05-05-2018,USD,1
05-05-2018,CAD,1.2875
05-05-2018,AUD,1.3297
05-05-2018,EUR,0.8355
05-05-2018,GBP,0.7372
06-05-2018,USD,1
06-05-2018,CAD,1.2875
06-05-2018,AUD,1.3297
06-05-2018,EUR,0.8355
06-05-2018,GBP,0.7372
07-05-2018,USD,1
07-05-2018,CAD,1.2887
07-05-2018,AUD,1.3344
07-05-2018,EUR,0.8402
07-05-2018,GBP,0.7395
08-05-2018,USD,1
08-05-2018,CAD,1.2972
08-05-2018,AUD,1.342
08-05-2018,EUR,0.8425
08-05-2018,GBP,0.7408
09-05-2018,USD,1
09-05-2018,CAD,1.2879
09-05-2018,AUD,1.3404
09-05-2018,EUR,0.8418
09-05-2018,GBP,0.7361
10-05-2018,USD,1
10-05-2018,CAD,1.2773
10-05-2018,AUD,1.3357
10-05-2018,EUR,0.8419
10-05-2018,GBP,0.7393
11-05-2018,USD,1
11-05-2018,CAD,1.2734
11-05-2018,AUD,1.324
11-05-2018,EUR,0.8379
11-05-2018,GBP,0.7374
12-05-2018,USD,1
12-05-2018,CAD,1.2734
12-05-2018,AUD,1.324
12-05-2018,EUR,0.8379
12-05-2018,GBP,0.7374
13-05-2018,USD,1
13-05-2018,CAD,1.2734
13-05-2018,AUD,1.324
13-05-2018,EUR,0.8379
13-05-2018,GBP,0.7374
14-05-2018,USD,1
14-05-2018,CAD,1.2764
14-05-2018,AUD,1.3231
14-05-2018,EUR,0.8342
14-05-2018,GBP,0.7361
15-05-2018,USD,1
15-05-2018,CAD,1.2836
15-05-2018,AUD,1.3344
15-05-2018,EUR,0.8415
15-05-2018,GBP,0.7397
16-05-2018,USD,1
16-05-2018,CAD,1.2866
16-05-2018,AUD,1.3358
16-05-2018,EUR,0.8486
16-05-2018,GBP,0.7418
17-05-2018,USD,1
17-05-2018,CAD,1.2772
17-05-2018,AUD,1.3283
17-05-2018,EUR,0.8471
17-05-2018,GBP,0.7399
18-05-2018,USD,1
18-05-2018,CAD,1.2795
18-05-2018,AUD,1.3304
18-05-2018,EUR,0.8488
18-05-2018,GBP,0.7412
19-05-2018,USD,1
19-05-2018,CAD,1.2795
19-05-2018,AUD,1.3304
19-05-2018,EUR,0.8488
19-05-2018,GBP,0.7412
20-05-2018,USD,1
20-05-2018,CAD,1.2795
20-05-2018,AUD,1.3304
20-05-2018,EUR,0.8488
20-05-2018,GBP,0.7412
21-05-2018,USD,1
21-05-2018,CAD,1.2874
21-05-2018,AUD,1.3283
21-05-2018,EUR,0.8504
21-05-2018,GBP,0.7453
22-05-2018,USD,1
22-05-2018,CAD,1.2774
22-05-2018,AUD,1.3179
22-05-2018,EUR,0.8479
22-05-2018,GBP,0.7435
23-05-2018,USD,1
23-05-2018,CAD,1.2905
23-05-2018,AUD,1.3276
23-05-2018,EUR,0.8541
23-05-2018,GBP,0.7512
24-05-2018,USD,1
24-05-2018,CAD,1.2885
24-05-2018,AUD,1.3232
24-05-2018,EUR,0.8527
24-05-2018,GBP,0.7459
25-05-2018,USD,1
25-05-2018,CAD,1.2956
25-05-2018,AUD,1.3211
25-05-2018,EUR,0.8565
25-05-2018,GBP,0.7498
26-05-2018,USD,1
26-05-2018,CAD,1.2956
26-05-2018,AUD,1.3211
26-05-2018,EUR,0.8565
26-05-2018,GBP,0.7498
27-05-2018,USD,1
27-05-2018,CAD,1.2956
27-05-2018,AUD,1.3211
27-05-2018,EUR,0.8565
27-05-2018,GBP,0.7498
28-05-2018,USD,1
28-05-2018,CAD,1.298
28-05-2018,AUD,1.3234
28-05-2018,EUR,0.8588
28-05-2018,GBP,0.7512
29-05-2018,USD,1
29-05-2018,CAD,1.3028
29-05-2018,AUD,1.3295
29-05-2018,EUR,0.8652
29-05-2018,GBP,0.754
30-05-2018,USD,1
30-05-2018,CAD,1.2975
30-05-2018,AUD,1.3247
30-05-2018,EUR,0.8597
30-05-2018,GBP,0.7522
31-05-2018,USD,1
31-05-2018,CAD,1.2854
31-05-2018,AUD,1.3175
31-05-2018,EUR,0.8548
31-05-2018,GBP,0.7495
01-06-2018,USD,1
01-06-2018,CAD,1.2976
01-06-2018,AUD,1.3278
01-06-2018,EUR,0.857
01-06-2018,GBP,0.7514
02-06-2018,USD,1
02-06-2018,CAD,1.2976
02-06-2018,AUD,1.3278
02-06-2018,EUR,0.857
02-06-2018,GBP,0.7514
03-06-2018,USD,1
03-06-2018,CAD,1.2976
03-06-2018,AUD,1.3278
03-06-2018,EUR,0.857
03-06-2018,GBP,0.7514
04-06-2018,USD,1
04-06-2018,CAD,1.2906
04-06-2018,AUD,1.3045
04-06-2018,EUR,0.852
04-06-2018,GBP,0.747
05-06-2018,USD,1
05-06-2018,CAD,1.2983
05-06-2018,AUD,1.3135
05-06-2018,EUR,0.8565
05-06-2018,GBP,0.7485
06-06-2018,USD,1
06-06-2018,CAD,1.2877
06-06-2018,AUD,1.306
06-06-2018,EUR,0.85
06-06-2018,GBP,0.7453
07-06-2018,USD,1
07-06-2018,CAD,1.2938
07-06-2018,AUD,1.3059
07-06-2018,EUR,0.8449
07-06-2018,GBP,0.7445
08-06-2018,USD,1
08-06-2018,CAD,1.2995
08-06-2018,AUD,1.3184
08-06-2018,EUR,0.8508
08-06-2018,GBP,0.7464
09-06-2018,USD,1
09-06-2018,CAD,1.2995
09-06-2018,AUD,1.3184
09-06-2018,EUR,0.8508
09-06-2018,GBP,0.7464
10-06-2018,USD,1
10-06-2018,CAD,1.2995
10-06-2018,AUD,1.3184
10-06-2018,EUR,0.8508
10-06-2018,GBP,0.7464
11-06-2018,USD,1
11-06-2018,CAD,1.3018
11-06-2018,AUD,1.3148
11-06-2018,EUR,0.8482
11-06-2018,GBP,0.7479
12-06-2018,USD,1
12-06-2018,CAD,1.3009
12-06-2018,AUD,1.3154
12-06-2018,EUR,0.8483
12-06-2018,GBP,0.748
13-06-2018,USD,1
13-06-2018,CAD,1.3017
13-06-2018,AUD,1.3181
13-06-2018,EUR,0.8501
13-06-2018,GBP,0.7498
14-06-2018,USD,1
14-06-2018,CAD,1.2977
14-06-2018,AUD,1.3226
14-06-2018,EUR,0.8525
14-06-2018,GBP,0.7475
15-06-2018,USD,1
15-06-2018,CAD,1.3128
15-06-2018,AUD,1.3382
15-06-2018,EUR,0.8624
15-06-2018,GBP,0.753
16-06-2018,USD,1
16-06-2018,CAD,1.3128
16-06-2018,AUD,1.3382
16-06-2018,EUR,0.8624
16-06-2018,GBP,0.753
17-06-2018,USD,1
17-06-2018,CAD,1.3128
17-06-2018,AUD,1.3382
17-06-2018,EUR,0.8624
17-06-2018,GBP,0.753
18-06-2018,USD,1
18-06-2018,CAD,1.3181
18-06-2018,AUD,1.3442
18-06-2018,EUR,0.8611
18-06-2018,GBP,0.7548
19-06-2018,USD,1
19-06-2018,CAD,1.3282
19-06-2018,AUD,1.3608
19-06-2018,EUR,0.867
19-06-2018,GBP,0.7603
20-06-2018,USD,1
20-06-2018,CAD,1.3299
20-06-2018,AUD,1.355
20-06-2018,EUR,0.8637
20-06-2018,GBP,0.759
21-06-2018,USD,1
21-06-2018,CAD,1.3331
21-06-2018,AUD,1.3576
21-06-2018,EUR,0.8667
21-06-2018,GBP,0.7572
22-06-2018,USD,1
22-06-2018,CAD,1.3272
22-06-2018,AUD,1.3462
22-06-2018,EUR,0.8585
22-06-2018,GBP,0.7526
23-06-2018,USD,1
23-06-2018,CAD,1.3272
23-06-2018,AUD,1.3462
23-06-2018,EUR,0.8585
23-06-2018,GBP,0.7526
24-06-2018,USD,1
24-06-2018,CAD,1.3272
24-06-2018,AUD,1.3462
24-06-2018,EUR,0.8585
24-06-2018,GBP,0.7526
25-06-2018,USD,1
25-06-2018,CAD,1.3284
25-06-2018,AUD,1.3455
25-06-2018,EUR,0.8547
25-06-2018,GBP,0.7525
26-06-2018,USD,1
26-06-2018,CAD,1.3322
26-06-2018,AUD,1.3518
26-06-2018,EUR,0.8568
26-06-2018,GBP,0.7553
27-06-2018,USD,1
27-06-2018,CAD,1.3295
27-06-2018,AUD,1.3537
27-06-2018,EUR,0.8609
27-06-2018,GBP,0.7591
28-06-2018,USD,1
28-06-2018,CAD,1.3294
28-06-2018,AUD,1.3622
28-06-2018,EUR,0.8633
28-06-2018,GBP,0.7642
29-06-2018,USD,1
29-06-2018,CAD,1.3246
29-06-2018,AUD,1.3542
29-06-2018,EUR,0.8578
29-06-2018,GBP,0.76
30-06-2018,USD,1
30-06-2018,CAD,1.3246
30-06-2018,AUD,1.3542
30-06-2018,EUR,0.8578
30-06-2018,GBP,0.76
01-07-2018,USD,1
01-07-2018,CAD,1.3246
01-07-2018,AUD,1.3542
01-07-2018,EUR,0.8578
01-07-2018,GBP,0.76
02-07-2018,USD,1
02-07-2018,CAD,1.3182
02-07-2018,AUD,1.3597
02-07-2018,EUR,0.8592
02-07-2018,GBP,0.7617
03-07-2018,USD,1
03-07-2018,CAD,1.3154
03-07-2018,AUD,1.3511
03-07-2018,EUR,0.8573
03-07-2018,GBP,0.7574
04-07-2018,USD,1
04-07-2018,CAD,1.3147
04-07-2018,AUD,1.354
04-07-2018,EUR,0.859
04-07-2018,GBP,0.7568
05-07-2018,USD,1
05-07-2018,CAD,1.313
05-07-2018,AUD,1.3512
05-07-2018,EUR,0.854
05-07-2018,GBP,0.7542
06-07-2018,USD,1
06-07-2018,CAD,1.3133
06-07-2018,AUD,1.3484
06-07-2018,EUR,0.853
06-07-2018,GBP,0.7557
07-07-2018,USD,1
07-07-2018,CAD,1.3133
07-07-2018,AUD,1.3484
07-07-2018,EUR,0.853
07-07-2018,GBP,0.7557
08-07-2018,USD,1
08-07-2018,CAD,1.3133
08-07-2018,AUD,1.3484
08-07-2018,EUR,0.853
08-07-2018,GBP,0.7557
09-07-2018,USD,1
09-07-2018,CAD,1.3076
09-07-2018,AUD,1.3364
09-07-2018,EUR,0.8482
09-07-2018,GBP,0.7494
10-07-2018,USD,1
10-07-2018,CAD,1.3132
10-07-2018,AUD,1.3437
10-07-2018,EUR,0.8538
10-07-2018,GBP,0.7542
11-07-2018,USD,1
11-07-2018,CAD,1.3141
11-07-2018,AUD,1.3523
11-07-2018,EUR,0.8522
11-07-2018,GBP,0.754
12-07-2018,USD,1
12-07-2018,CAD,1.3183
12-07-2018,AUD,1.3534
12-07-2018,EUR,0.8578
12-07-2018,GBP,0.7571
13-07-2018,USD,1
13-07-2018,CAD,1.3191
13-07-2018,AUD,1.3539
13-07-2018,EUR,0.8589
13-07-2018,GBP,0.76
14-07-2018,USD,1
14-07-2018,CAD,1.3191
14-07-2018,AUD,1.3539
14-07-2018,EUR,0.8589
14-07-2018,GBP,0.76
15-07-2018,USD,1
15-07-2018,CAD,1.3191
15-07-2018,AUD,1.3539
15-07-2018,EUR,0.8589
15-07-2018,GBP,0.76
16-07-2018,USD,1
16-07-2018,CAD,1.3139
16-07-2018,AUD,1.3458
16-07-2018,EUR,0.8532
16-07-2018,GBP,0.7532
17-07-2018,USD,1
17-07-2018,CAD,1.3157
17-07-2018,AUD,1.3505
17-07-2018,EUR,0.8542
17-07-2018,GBP,0.7579
18-07-2018,USD,1
18-07-2018,CAD,1.3254
18-07-2018,AUD,1.3603
18-07-2018,EUR,0.8613
18-07-2018,GBP,0.7675
19-07-2018,USD,1
19-07-2018,CAD,1.3247
19-07-2018,AUD,1.3638
19-07-2018,EUR,0.863
19-07-2018,GBP,0.7706
20-07-2018,USD,1
20-07-2018,CAD,1.3233
20-07-2018,AUD,1.3554
20-07-2018,EUR,0.8569
20-07-2018,GBP,0.7665
21-07-2018,USD,1
21-07-2018,CAD,1.3233
21-07-2018,AUD,1.3554
21-07-2018,EUR,0.8569
21-07-2018,GBP,0.7665
22-07-2018,USD,1
22-07-2018,CAD,1.3233
22-07-2018,AUD,1.3554
22-07-2018,EUR,0.8569
22-07-2018,GBP,0.7665
23-07-2018,USD,1
23-07-2018,CAD,1.3133
23-07-2018,AUD,1.3504
23-07-2018,EUR,0.8535
23-07-2018,GBP,0.7611
24-07-2018,USD,1
24-07-2018,CAD,1.315
24-07-2018,AUD,1.3495
24-07-2018,EUR,0.8543
24-07-2018,GBP,0.7618
25-07-2018,USD,1
25-07-2018,CAD,1.3123
25-07-2018,AUD,1.3487
25-07-2018,EUR,0.8554
25-07-2018,GBP,0.7601
26-07-2018,USD,1
26-07-2018,CAD,1.3048
26-07-2018,AUD,1.3479
26-07-2018,EUR,0.8535
26-07-2018,GBP,0.7584
27-07-2018,USD,1
27-07-2018,CAD,1.3069
27-07-2018,AUD,1.3561
27-07-2018,EUR,0.8602
27-07-2018,GBP,0.7641
28-07-2018,USD,1
28-07-2018,CAD,1.3069
28-07-2018,AUD,1.3561
28-07-2018,EUR,0.8602
28-07-2018,GBP,0.7641
29-07-2018,USD,1
29-07-2018,CAD,1.3069
29-07-2018,AUD,1.3561
29-07-2018,EUR,0.8602
29-07-2018,GBP,0.7641
30-07-2018,USD,1
30-07-2018,CAD,1.3048
30-07-2018,AUD,1.3518
30-07-2018,EUR,0.8559
30-07-2018,GBP,0.7623
31-07-2018,USD,1
31-07-2018,CAD,1.3035
31-07-2018,AUD,1.3466
31-07-2018,EUR,0.8521
31-07-2018,GBP,0.7602
01-08-2018,USD,1
01-08-2018,CAD,1.3022
01-08-2018,AUD,1.3481
01-08-2018,EUR,0.855
01-08-2018,GBP,0.7613
02-08-2018,USD,1
02-08-2018,CAD,1.3036
02-08-2018,AUD,1.3584
02-08-2018,EUR,0.8608
02-08-2018,GBP,0.7674
03-08-2018,USD,1
03-08-2018,CAD,1.3018
03-08-2018,AUD,1.3539
03-08-2018,EUR,0.863
03-08-2018,GBP,0.7685
04-08-2018,USD,1
04-08-2018,CAD,1.3018
04-08-2018,AUD,1.3539
04-08-2018,EUR,0.863
04-08-2018,GBP,0.7685
05-08-2018,USD,1
05-08-2018,CAD,1.3018
05-08-2018,AUD,1.3539
05-08-2018,EUR,0.863
05-08-2018,GBP,0.7685
06-08-2018,USD,1
06-08-2018,CAD,1.3023
06-08-2018,AUD,1.354
06-08-2018,EUR,0.8663
06-08-2018,GBP,0.7735
07-08-2018,USD,1
07-08-2018,CAD,1.2969
07-08-2018,AUD,1.3445
07-08-2018,EUR,0.8619
07-08-2018,GBP,0.7713
08-08-2018,USD,1
08-08-2018,CAD,1.308
08-08-2018,AUD,1.3502
08-08-2018,EUR,0.8629
08-08-2018,GBP,0.7773
09-08-2018,USD,1
09-08-2018,CAD,1.3035
09-08-2018,AUD,1.3479
09-08-2018,EUR,0.8626
09-08-2018,GBP,0.7758
10-08-2018,USD,1
10-08-2018,CAD,1.3095
10-08-2018,AUD,1.3683
10-08-2018,EUR,0.8729
10-08-2018,GBP,0.7828
11-08-2018,USD,1
11-08-2018,CAD,1.3095
11-08-2018,AUD,1.3683
11-08-2018,EUR,0.8729
11-08-2018,GBP,0.7828
12-08-2018,USD,1
12-08-2018,CAD,1.3095
12-08-2018,AUD,1.3683
12-08-2018,EUR,0.8729
12-08-2018,GBP,0.7828
13-08-2018,USD,1
13-08-2018,CAD,1.3151
13-08-2018,AUD,1.3742
13-08-2018,EUR,0.877
13-08-2018,GBP,0.7834
14-08-2018,USD,1
14-08-2018,CAD,1.3071
14-08-2018,AUD,1.3761
14-08-2018,EUR,0.8767
14-08-2018,GBP,0.7829
15-08-2018,USD,1
15-08-2018,CAD,1.3102
15-08-2018,AUD,1.3841
15-08-2018,EUR,0.8833
15-08-2018,GBP,0.7873
16-08-2018,USD,1
16-08-2018,CAD,1.3142
16-08-2018,AUD,1.3762
16-08-2018,EUR,0.8795
16-08-2018,GBP,0.7871
17-08-2018,USD,1
17-08-2018,CAD,1.3147
17-08-2018,AUD,1.3756
17-08-2018,EUR,0.8779
17-08-2018,GBP,0.7864
18-08-2018,USD,1
18-08-2018,CAD,1.3147
18-08-2018,AUD,1.3756
18-08-2018,EUR,0.8779
18-08-2018,GBP,0.7864
19-08-2018,USD,1
19-08-2018,CAD,1.3147
19-08-2018,AUD,1.3756
19-08-2018,EUR,0.8779
19-08-2018,GBP,0.7864
20-08-2018,USD,1
20-08-2018,CAD,1.3071
20-08-2018,AUD,1.3687
20-08-2018,EUR,0.8757
20-08-2018,GBP,0.7835
21-08-2018,USD,1
21-08-2018,CAD,1.3022
21-08-2018,AUD,1.3612
21-08-2018,EUR,0.8694
21-08-2018,GBP,0.7802
22-08-2018,USD,1
22-08-2018,CAD,1.3022
22-08-2018,AUD,1.3589
22-08-2018,EUR,0.8609
22-08-2018,GBP,0.7742
23-08-2018,USD,1
23-08-2018,CAD,1.3031
23-08-2018,AUD,1.3721
23-08-2018,EUR,0.8636
23-08-2018,GBP,0.7762
24-08-2018,USD,1
24-08-2018,CAD,1.3068
24-08-2018,AUD,1.3693
24-08-2018,EUR,0.863
24-08-2018,GBP,0.7784
25-08-2018,USD,1
25-08-2018,CAD,1.3068
25-08-2018,AUD,1.3693
25-08-2018,EUR,0.863
25-08-2018,GBP,0.7784
26-08-2018,USD,1
26-08-2018,CAD,1.3068
26-08-2018,AUD,1.3693
26-08-2018,EUR,0.863
26-08-2018,GBP,0.7784
27-08-2018,USD,1
27-08-2018,CAD,1.3051
27-08-2018,AUD,1.3656
27-08-2018,EUR,0.8596
27-08-2018,GBP,0.7768
28-08-2018,USD,1
28-08-2018,CAD,1.2919
28-08-2018,AUD,1.3599
28-08-2018,EUR,0.854
28-08-2018,GBP,0.7744
29-08-2018,USD,1
29-08-2018,CAD,1.2944
29-08-2018,AUD,1.3713
29-08-2018,EUR,0.8576
29-08-2018,GBP,0.7762
30-08-2018,USD,1
30-08-2018,CAD,1.2929
30-08-2018,AUD,1.3697
30-08-2018,EUR,0.8553
30-08-2018,GBP,0.7677
31-08-2018,USD,1
31-08-2018,CAD,1.3039
31-08-2018,AUD,1.3843
31-08-2018,EUR,0.8583
31-08-2018,GBP,0.7702
01-09-2018,USD,1
01-09-2018,CAD,1.3039
01-09-2018,AUD,1.3843
01-09-2018,EUR,0.8583
01-09-2018,GBP,0.7702
02-09-2018,USD,1
02-09-2018,CAD,1.3039
02-09-2018,AUD,1.3843
02-09-2018,EUR,0.8583
02-09-2018,GBP,0.7702
03-09-2018,USD,1
03-09-2018,CAD,1.3072
03-09-2018,AUD,1.3876
03-09-2018,EUR,0.8614
03-09-2018,GBP,0.7766
04-09-2018,USD,1
04-09-2018,CAD,1.3176
04-09-2018,AUD,1.3917
04-09-2018,EUR,0.8649
04-09-2018,GBP,0.7789
05-09-2018,USD,1
05-09-2018,CAD,1.3178
05-09-2018,AUD,1.3939
05-09-2018,EUR,0.8634
05-09-2018,GBP,0.7799
06-09-2018,USD,1
06-09-2018,CAD,1.3184
06-09-2018,AUD,1.3894
06-09-2018,EUR,0.8595
06-09-2018,GBP,0.7721
07-09-2018,USD,1
07-09-2018,CAD,1.3119
07-09-2018,AUD,1.3964
07-09-2018,EUR,0.861
07-09-2018,GBP,0.7686
08-09-2018,USD,1
08-09-2018,CAD,1.3119
08-09-2018,AUD,1.3964
08-09-2018,EUR,0.861
08-09-2018,GBP,0.7686
09-09-2018,USD,1
09-09-2018,CAD,1.3119
09-09-2018,AUD,1.3964
09-09-2018,EUR,0.861
09-09-2018,GBP,0.7686
10-09-2018,USD,1
10-09-2018,CAD,1.3195
10-09-2018,AUD,1.405
10-09-2018,EUR,0.8642
10-09-2018,GBP,0.7721
11-09-2018,USD,1
11-09-2018,CAD,1.316
11-09-2018,AUD,1.4092
11-09-2018,EUR,0.864
11-09-2018,GBP,0.7696
12-09-2018,USD,1
12-09-2018,CAD,1.3066
12-09-2018,AUD,1.4042
12-09-2018,EUR,0.8632
12-09-2018,GBP,0.7685
13-09-2018,USD,1
13-09-2018,CAD,1.3005
13-09-2018,AUD,1.3913
13-09-2018,EUR,0.8606
13-09-2018,GBP,0.7659
14-09-2018,USD,1
14-09-2018,CAD,1.3009
14-09-2018,AUD,1.3911
14-09-2018,EUR,0.8555
14-09-2018,GBP,0.7634
15-09-2018,USD,1
15-09-2018,CAD,1.3009
15-09-2018,AUD,1.3911
15-09-2018,EUR,0.8555
15-09-2018,GBP,0.7634
16-09-2018,USD,1
16-09-2018,CAD,1.3009
16-09-2018,AUD,1.3911
16-09-2018,EUR,0.8555
16-09-2018,GBP,0.7634
17-09-2018,USD,1
17-09-2018,CAD,1.3018
17-09-2018,AUD,1.393
17-09-2018,EUR,0.8568
17-09-2018,GBP,0.7615
18-09-2018,USD,1
18-09-2018,CAD,1.3026
18-09-2018,AUD,1.3887
18-09-2018,EUR,0.8549
18-09-2018,GBP,0.7606
19-09-2018,USD,1
19-09-2018,CAD,1.2973
19-09-2018,AUD,1.3807
19-09-2018,EUR,0.8571
19-09-2018,GBP,0.7612
20-09-2018,USD,1
20-09-2018,CAD,1.2893
20-09-2018,AUD,1.3729
20-09-2018,EUR,0.8497
20-09-2018,GBP,0.7527
21-09-2018,USD,1
21-09-2018,CAD,1.2924
21-09-2018,AUD,1.3738
21-09-2018,EUR,0.8504
21-09-2018,GBP,0.7603
22-09-2018,USD,1
22-09-2018,CAD,1.2924
22-09-2018,AUD,1.3738
22-09-2018,EUR,0.8504
22-09-2018,GBP,0.7603
23-09-2018,USD,1
23-09-2018,CAD,1.2924
23-09-2018,AUD,1.3738
23-09-2018,EUR,0.8504
23-09-2018,GBP,0.7603
24-09-2018,USD,1
24-09-2018,CAD,1.2937
24-09-2018,AUD,1.3749
24-09-2018,EUR,0.8494
24-09-2018,GBP,0.7599
25-09-2018,USD,1
25-09-2018,CAD,1.2959
25-09-2018,AUD,1.3784
25-09-2018,EUR,0.8491
25-09-2018,GBP,0.7593
26-09-2018,USD,1
26-09-2018,CAD,1.2962
26-09-2018,AUD,1.3804
26-09-2018,EUR,0.852
26-09-2018,GBP,0.759
27-09-2018,USD,1
27-09-2018,CAD,1.307
27-09-2018,AUD,1.3838
27-09-2018,EUR,0.8542
27-09-2018,GBP,0.76
28-09-2018,USD,1
28-09-2018,CAD,1.3013
28-09-2018,AUD,1.3863
28-09-2018,EUR,0.8639
28-09-2018,GBP,0.7665
29-09-2018,USD,1
29-09-2018,CAD,1.3013
29-09-2018,AUD,1.3863
29-09-2018,EUR,0.8639
29-09-2018,GBP,0.7665
30-09-2018,USD,1
30-09-2018,CAD,1.3013
30-09-2018,AUD,1.3863
30-09-2018,EUR,0.8639
30-09-2018,GBP,0.7665
01-10-2018,USD,1
01-10-2018,CAD,1.281
01-10-2018,AUD,1.3846
01-10-2018,EUR,0.8616
01-10-2018,GBP,0.7675
02-10-2018,USD,1
02-10-2018,CAD,1.2817
02-10-2018,AUD,1.3931
02-10-2018,EUR,0.8663
02-10-2018,GBP,0.7714
03-10-2018,USD,1
03-10-2018,CAD,1.2833
03-10-2018,AUD,1.3982
03-10-2018,EUR,0.866
03-10-2018,GBP,0.7698
04-10-2018,USD,1
04-10-2018,CAD,1.2867
04-10-2018,AUD,1.4114
04-10-2018,EUR,0.8694
04-10-2018,GBP,0.7701
05-10-2018,USD,1
05-10-2018,CAD,1.2917
05-10-2018,AUD,1.414
05-10-2018,EUR,0.8691
05-10-2018,GBP,0.7663
06-10-2018,USD,1
06-10-2018,CAD,1.2917
06-10-2018,AUD,1.414
06-10-2018,EUR,0.8691
06-10-2018,GBP,0.7663
07-10-2018,USD,1
07-10-2018,CAD,1.2917
07-10-2018,AUD,1.414
07-10-2018,EUR,0.8691
07-10-2018,GBP,0.7663
08-10-2018,USD,1
08-10-2018,CAD,1.2994
08-10-2018,AUD,1.4151
08-10-2018,EUR,0.8712
08-10-2018,GBP,0.7668
09-10-2018,USD,1
09-10-2018,CAD,1.2996
09-10-2018,AUD,1.417
09-10-2018,EUR,0.8745
09-10-2018,GBP,0.7668
10-10-2018,USD,1
10-10-2018,CAD,1.2963
10-10-2018,AUD,1.4092
10-10-2018,EUR,0.8696
10-10-2018,GBP,0.7604
11-10-2018,USD,1
11-10-2018,CAD,1.3047
11-10-2018,AUD,1.4094
11-10-2018,EUR,0.8639
11-10-2018,GBP,0.7559
12-10-2018,USD,1
12-10-2018,CAD,1.3007
12-10-2018,AUD,1.4028
12-10-2018,EUR,0.864
12-10-2018,GBP,0.7572
13-10-2018,USD,1
13-10-2018,CAD,1.3007
13-10-2018,AUD,1.4028
13-10-2018,EUR,0.864
13-10-2018,GBP,0.7572
14-10-2018,USD,1
14-10-2018,CAD,1.3007
14-10-2018,AUD,1.4028
14-10-2018,EUR,0.864
14-10-2018,GBP,0.7572
15-10-2018,USD,1
15-10-2018,CAD,1.3026
15-10-2018,AUD,1.4015
15-10-2018,EUR,0.8635
15-10-2018,GBP,0.7603
16-10-2018,USD,1
16-10-2018,CAD,1.2954
16-10-2018,AUD,1.4018
16-10-2018,EUR,0.863
16-10-2018,GBP,0.756
17-10-2018,USD,1
17-10-2018,CAD,1.2972
17-10-2018,AUD,1.4042
17-10-2018,EUR,0.8673
17-10-2018,GBP,0.7627
18-10-2018,USD,1
18-10-2018,CAD,1.3046
18-10-2018,AUD,1.401
18-10-2018,EUR,0.8692
18-10-2018,GBP,0.7635
19-10-2018,USD,1
19-10-2018,CAD,1.3031
19-10-2018,AUD,1.4006
19-10-2018,EUR,0.8718
19-10-2018,GBP,0.7674
20-10-2018,USD,1
20-10-2018,CAD,1.3031
20-10-2018,AUD,1.4006
20-10-2018,EUR,0.8718
20-10-2018,GBP,0.7674
21-10-2018,USD,1
21-10-2018,CAD,1.3031
21-10-2018,AUD,1.4006
21-10-2018,EUR,0.8718
21-10-2018,GBP,0.7674
22-10-2018,USD,1
22-10-2018,CAD,1.3089
22-10-2018,AUD,1.4081
22-10-2018,EUR,0.87
22-10-2018,GBP,0.7693
23-10-2018,USD,1
23-10-2018,CAD,1.3109
23-10-2018,AUD,1.4151
23-10-2018,EUR,0.8712
23-10-2018,GBP,0.7676
24-10-2018,USD,1
24-10-2018,CAD,1.3083
24-10-2018,AUD,1.4107
24-10-2018,EUR,0.878
24-10-2018,GBP,0.7747
25-10-2018,USD,1
25-10-2018,CAD,1.3046
25-10-2018,AUD,1.4099
25-10-2018,EUR,0.876
25-10-2018,GBP,0.7755
26-10-2018,USD,1
26-10-2018,CAD,1.3148
26-10-2018,AUD,1.4228
26-10-2018,EUR,0.8814
26-10-2018,GBP,0.7817
27-10-2018,USD,1
27-10-2018,CAD,1.3148
27-10-2018,AUD,1.4228
27-10-2018,EUR,0.8814
27-10-2018,GBP,0.7817
28-10-2018,USD,1
28-10-2018,CAD,1.3148
28-10-2018,AUD,1.4228
28-10-2018,EUR,0.8814
28-10-2018,GBP,0.7817
29-10-2018,USD,1
29-10-2018,CAD,1.3107
29-10-2018,AUD,1.4112
29-10-2018,EUR,0.8787
29-10-2018,GBP,0.7801
30-10-2018,USD,1
30-10-2018,CAD,1.3138
30-10-2018,AUD,1.4092
30-10-2018,EUR,0.8794
30-10-2018,GBP,0.7839
31-10-2018,USD,1
31-10-2018,CAD,1.3126
31-10-2018,AUD,1.4112
31-10-2018,EUR,0.8835
31-10-2018,GBP,0.7852
01-11-2018,USD,1
01-11-2018,CAD,1.3082
01-11-2018,AUD,1.3918
01-11-2018,EUR,0.8777
01-11-2018,GBP,0.7739
02-11-2018,USD,1
02-11-2018,CAD,1.31
02-11-2018,AUD,1.3874
02-11-2018,EUR,0.8759
02-11-2018,GBP,0.7696
03-11-2018,USD,1
03-11-2018,CAD,1.31
03-11-2018,AUD,1.3874
03-11-2018,EUR,0.8759
03-11-2018,GBP,0.7696
04-11-2018,USD,1
04-11-2018,CAD,1.31
04-11-2018,AUD,1.3874
04-11-2018,EUR,0.8759
04-11-2018,GBP,0.7696
05-11-2018,USD,1
05-11-2018,CAD,1.3093
05-11-2018,AUD,1.3899
05-11-2018,EUR,0.8795
05-11-2018,GBP,0.7699
06-11-2018,USD,1
06-11-2018,CAD,1.3122
06-11-2018,AUD,1.3816
06-11-2018,EUR,0.875
06-11-2018,GBP,0.764
07-11-2018,USD,1
07-11-2018,CAD,1.3075
07-11-2018,AUD,1.3711
07-11-2018,EUR,0.8705
07-11-2018,GBP,0.7609
08-11-2018,USD,1
08-11-2018,CAD,1.3106
08-11-2018,AUD,1.3715
08-11-2018,EUR,0.8754
08-11-2018,GBP,0.763
09-11-2018,USD,1
09-11-2018,CAD,1.3193
09-11-2018,AUD,1.3805
09-11-2018,EUR,0.8814
09-11-2018,GBP,0.7673
10-11-2018,USD,1
10-11-2018,CAD,1.3193
10-11-2018,AUD,1.3805
10-11-2018,EUR,0.8814
10-11-2018,GBP,0.7673
11-11-2018,USD,1
11-11-2018,CAD,1.3193
11-11-2018,AUD,1.3805
11-11-2018,EUR,0.8814
11-11-2018,GBP,0.7673
12-11-2018,USD,1
12-11-2018,CAD,1.3203
12-11-2018,AUD,1.3869
12-11-2018,EUR,0.8877
12-11-2018,GBP,0.7773
13-11-2018,USD,1
13-11-2018,CAD,1.3221
13-11-2018,AUD,1.3878
13-11-2018,EUR,0.888
13-11-2018,GBP,0.7721
14-11-2018,USD,1
14-11-2018,CAD,1.3223
14-11-2018,AUD,1.3861
14-11-2018,EUR,0.8853
14-11-2018,GBP,0.7706
15-11-2018,USD,1
15-11-2018,CAD,1.3223
15-11-2018,AUD,1.3767
15-11-2018,EUR,0.8846
15-11-2018,GBP,0.7817
16-11-2018,USD,1
16-11-2018,CAD,1.3181
16-11-2018,AUD,1.377
16-11-2018,EUR,0.8814
16-11-2018,GBP,0.7787
17-11-2018,USD,1
17-11-2018,CAD,1.3181
17-11-2018,AUD,1.377
17-11-2018,EUR,0.8814
17-11-2018,GBP,0.7787
18-11-2018,USD,1
18-11-2018,CAD,1.3181
18-11-2018,AUD,1.377
18-11-2018,EUR,0.8814
18-11-2018,GBP,0.7787
19-11-2018,USD,1
19-11-2018,CAD,1.3175
19-11-2018,AUD,1.3704
19-11-2018,EUR,0.8751
19-11-2018,GBP,0.7796
20-11-2018,USD,1
20-11-2018,CAD,1.3196
20-11-2018,AUD,1.3757
20-11-2018,EUR,0.8756
20-11-2018,GBP,0.7785
21-11-2018,USD,1
21-11-2018,CAD,1.3274
21-11-2018,AUD,1.3783
21-11-2018,EUR,0.8765
21-11-2018,GBP,0.781
22-11-2018,USD,1
22-11-2018,CAD,1.3219
22-11-2018,AUD,1.3787
22-11-2018,EUR,0.877
22-11-2018,GBP,0.777
23-11-2018,USD,1
23-11-2018,CAD,1.323
23-11-2018,AUD,1.3837
23-11-2018,EUR,0.8809
23-11-2018,GBP,0.7794
24-11-2018,USD,1
24-11-2018,CAD,1.323
24-11-2018,AUD,1.3837
24-11-2018,EUR,0.8809
24-11-2018,GBP,0.7794
25-11-2018,USD,1
25-11-2018,CAD,1.323
25-11-2018,AUD,1.3837
25-11-2018,EUR,0.8809
25-11-2018,GBP,0.7794
26-11-2018,USD,1
26-11-2018,CAD,1.321
26-11-2018,AUD,1.3785
26-11-2018,EUR,0.88
26-11-2018,GBP,0.7783
27-11-2018,USD,1
27-11-2018,CAD,1.3257
27-11-2018,AUD,1.3799
27-11-2018,EUR,0.8828
27-11-2018,GBP,0.7834
28-11-2018,USD,1
28-11-2018,CAD,1.3325
28-11-2018,AUD,1.382
28-11-2018,EUR,0.8862
28-11-2018,GBP,0.782
29-11-2018,USD,1
29-11-2018,CAD,1.3276
29-11-2018,AUD,1.3634
29-11-2018,EUR,0.8782
29-11-2018,GBP,0.7828
30-11-2018,USD,1
30-11-2018,CAD,1.3308
30-11-2018,AUD,1.3703
30-11-2018,EUR,0.8804
30-11-2018,GBP,0.7841
01-12-2018,USD,1
01-12-2018,CAD,1.3308
01-12-2018,AUD,1.3703
01-12-2018,EUR,0.8804
01-12-2018,GBP,0.7841
02-12-2018,USD,1
02-12-2018,CAD,1.3308
02-12-2018,AUD,1.3703
02-12-2018,EUR,0.8804
02-12-2018,GBP,0.7841
03-12-2018,USD,1
03-12-2018,CAD,1.3176
03-12-2018,AUD,1.3549
03-12-2018,EUR,0.8825
03-12-2018,GBP,0.7867
04-12-2018,USD,1
04-12-2018,CAD,1.3175
04-12-2018,AUD,1.3543
04-12-2018,EUR,0.8765
04-12-2018,GBP,0.7806
05-12-2018,USD,1
05-12-2018,CAD,1.3278
05-12-2018,AUD,1.3712
05-12-2018,EUR,0.8807
05-12-2018,GBP,0.7829
06-12-2018,USD,1
06-12-2018,CAD,1.3416
06-12-2018,AUD,1.3871
06-12-2018,EUR,0.881
06-12-2018,GBP,0.7835
07-12-2018,USD,1
07-12-2018,CAD,1.3394
07-12-2018,AUD,1.3865
07-12-2018,EUR,0.8794
07-12-2018,GBP,0.7834
08-12-2018,USD,1
08-12-2018,CAD,1.3394
08-12-2018,AUD,1.3865
08-12-2018,EUR,0.8794
08-12-2018,GBP,0.7834
09-12-2018,USD,1
09-12-2018,CAD,1.3394
09-12-2018,AUD,1.3865
09-12-2018,EUR,0.8794
09-12-2018,GBP,0.7834
10-12-2018,USD,1
10-12-2018,CAD,1.332
10-12-2018,AUD,1.3866
10-12-2018,EUR,0.8753
10-12-2018,GBP,0.7899
11-12-2018,USD,1
11-12-2018,CAD,1.3392
11-12-2018,AUD,1.3866
11-12-2018,EUR,0.8788
11-12-2018,GBP,0.7929
12-12-2018,USD,1
12-12-2018,CAD,1.337
12-12-2018,AUD,1.3866
12-12-2018,EUR,0.8814
12-12-2018,GBP,0.7944
13-12-2018,USD,1
13-12-2018,CAD,1.3361
13-12-2018,AUD,1.3833
13-12-2018,EUR,0.8794
13-12-2018,GBP,0.7902
14-12-2018,USD,1
14-12-2018,CAD,1.3376
14-12-2018,AUD,1.3959
14-12-2018,EUR,0.8861
14-12-2018,GBP,0.7961
15-12-2018,USD,1
15-12-2018,CAD,1.3376
15-12-2018,AUD,1.3959
15-12-2018,EUR,0.8861
15-12-2018,GBP,0.7961
16-12-2018,USD,1
16-12-2018,CAD,1.3376
16-12-2018,AUD,1.3959
16-12-2018,EUR,0.8861
16-12-2018,GBP,0.7961
17-12-2018,USD,1
17-12-2018,CAD,1.3393
17-12-2018,AUD,1.3933
17-12-2018,EUR,0.8818
17-12-2018,GBP,0.7926
18-12-2018,USD,1
18-12-2018,CAD,1.3403
18-12-2018,AUD,1.3896
18-12-2018,EUR,0.879
18-12-2018,GBP,0.7886
19-12-2018,USD,1
19-12-2018,CAD,1.3443
19-12-2018,AUD,1.3923
19-12-2018,EUR,0.8768
19-12-2018,GBP,0.7919
20-12-2018,USD,1
20-12-2018,CAD,1.347
20-12-2018,AUD,1.4016
20-12-2018,EUR,0.8733
20-12-2018,GBP,0.7889
21-12-2018,USD,1
21-12-2018,CAD,1.3544
21-12-2018,AUD,1.4089
21-12-2018,EUR,0.8761
21-12-2018,GBP,0.7904
22-12-2018,USD,1
22-12-2018,CAD,1.3544
22-12-2018,AUD,1.4089
22-12-2018,EUR,0.8761
22-12-2018,GBP,0.7904
23-12-2018,USD,1
23-12-2018,CAD,1.3544
23-12-2018,AUD,1.4089
23-12-2018,EUR,0.8761
23-12-2018,GBP,0.7904
24-12-2018,USD,1
24-12-2018,CAD,1.3592
24-12-2018,AUD,1.4188
24-12-2018,EUR,0.8766
24-12-2018,GBP,0.7893
25-12-2018,USD,1
25-12-2018,CAD,1.3592
25-12-2018,AUD,1.4188
25-12-2018,EUR,0.8766
25-12-2018,GBP,0.7893
26-12-2018,USD,1
26-12-2018,CAD,1.3592
26-12-2018,AUD,1.4188
26-12-2018,EUR,0.8766
26-12-2018,GBP,0.7893
27-12-2018,USD,1
27-12-2018,CAD,1.3624
27-12-2018,AUD,1.4205
27-12-2018,EUR,0.879
27-12-2018,GBP,0.7917
28-12-2018,USD,1
28-12-2018,CAD,1.3621
28-12-2018,AUD,1.4157
28-12-2018,EUR,0.8731
28-12-2018,GBP,0.7881
29-12-2018,USD,1
29-12-2018,CAD,1.3621
29-12-2018,AUD,1.4157
29-12-2018,EUR,0.8731
29-12-2018,GBP,0.7881
30-12-2018,USD,1
30-12-2018,CAD,1.3621
30-12-2018,AUD,1.4157
30-12-2018,EUR,0.8731
30-12-2018,GBP,0.7881
31-12-2018,USD,1
31-12-2018,CAD,1.3629
31-12-2018,AUD,1.4166
31-12-2018,EUR,0.8734
31-12-2018,GBP,0.7812
01-01-2019,USD,1
01-01-2019,CAD,1.3629
01-01-2019,AUD,1.4166
01-01-2019,EUR,0.8734
01-01-2019,GBP,0.7812
02-01-2019,USD,1
02-01-2019,CAD,1.3641
02-01-2019,AUD,1.4278
02-01-2019,EUR,0.8774
02-01-2019,GBP,0.7911
03-01-2019,USD,1
03-01-2019,CAD,1.3564
03-01-2019,AUD,1.4352
03-01-2019,EUR,0.8812
03-01-2019,GBP,0.7958
04-01-2019,USD,1
04-01-2019,CAD,1.3442
04-01-2019,AUD,1.4197
04-01-2019,EUR,0.877
04-01-2019,GBP,0.7892
05-01-2019,USD,1
05-01-2019,CAD,1.3442
05-01-2019,AUD,1.4197
05-01-2019,EUR,0.877
05-01-2019,GBP,0.7892
06-01-2019,USD,1
06-01-2019,CAD,1.3442
06-01-2019,AUD,1.4197
06-01-2019,EUR,0.877
06-01-2019,GBP,0.7892
07-01-2019,USD,1
07-01-2019,CAD,1.3352
07-01-2019,AUD,1.4015
07-01-2019,EUR,0.8737
07-01-2019,GBP,0.7839
08-01-2019,USD,1
08-01-2019,CAD,1.3294
08-01-2019,AUD,1.4023
08-01-2019,EUR,0.8741
08-01-2019,GBP,0.7845
09-01-2019,USD,1
09-01-2019,CAD,1.3245
09-01-2019,AUD,1.3952
09-01-2019,EUR,0.873
09-01-2019,GBP,0.7849
10-01-2019,USD,1
10-01-2019,CAD,1.3221
10-01-2019,AUD,1.3898
10-01-2019,EUR,0.8669
10-01-2019,GBP,0.7839
11-01-2019,USD,1
11-01-2019,CAD,1.322
11-01-2019,AUD,1.3847
11-01-2019,EUR,0.8671
11-01-2019,GBP,0.7805
12-01-2019,USD,1
12-01-2019,CAD,1.322
12-01-2019,AUD,1.3847
12-01-2019,EUR,0.8671
12-01-2019,GBP,0.7805
13-01-2019,USD,1
13-01-2019,CAD,1.322
13-01-2019,AUD,1.3847
13-01-2019,EUR,0.8671
13-01-2019,GBP,0.7805
14-01-2019,USD,1
14-01-2019,CAD,1.3278
14-01-2019,AUD,1.3905
14-01-2019,EUR,0.8721
14-01-2019,GBP,0.7784
15-01-2019,USD,1
15-01-2019,CAD,1.3265
15-01-2019,AUD,1.3904
15-01-2019,EUR,0.8754
15-01-2019,GBP,0.7793
16-01-2019,USD,1
16-01-2019,CAD,1.3259
16-01-2019,AUD,1.3938
16-01-2019,EUR,0.878
16-01-2019,GBP,0.7779
17-01-2019,USD,1
17-01-2019,CAD,1.3297
17-01-2019,AUD,1.3948
17-01-2019,EUR,0.8775
17-01-2019,GBP,0.7745
18-01-2019,USD,1
18-01-2019,CAD,1.3273
18-01-2019,AUD,1.3901
18-01-2019,EUR,0.877
18-01-2019,GBP,0.7729
19-01-2019,USD,1
19-01-2019,CAD,1.3273
19-01-2019,AUD,1.3901
19-01-2019,EUR,0.877
19-01-2019,GBP,0.7729
20-01-2019,USD,1
20-01-2019,CAD,1.3273
20-01-2019,AUD,1.3901
20-01-2019,EUR,0.877
20-01-2019,GBP,0.7729
21-01-2019,USD,1
21-01-2019,CAD,1.3305
21-01-2019,AUD,1.3984
21-01-2019,EUR,0.8801
21-01-2019,GBP,0.7772
22-01-2019,USD,1
22-01-2019,CAD,1.3324
22-01-2019,AUD,1.4024
22-01-2019,EUR,0.8807
22-01-2019,GBP,0.7751
23-01-2019,USD,1
23-01-2019,CAD,1.3312
23-01-2019,AUD,1.4018
23-01-2019,EUR,0.8797
23-01-2019,GBP,0.7672
24-01-2019,USD,1
24-01-2019,CAD,1.3367
24-01-2019,AUD,1.4079
24-01-2019,EUR,0.8818
24-01-2019,GBP,0.7679
25-01-2019,USD,1
25-01-2019,CAD,1.3315
25-01-2019,AUD,1.4048
25-01-2019,EUR,0.8814
25-01-2019,GBP,0.7631
26-01-2019,USD,1
26-01-2019,CAD,1.3315
26-01-2019,AUD,1.4048
26-01-2019,EUR,0.8814
26-01-2019,GBP,0.7631
27-01-2019,USD,1
27-01-2019,CAD,1.3315
27-01-2019,AUD,1.4048
27-01-2019,EUR,0.8814
27-01-2019,GBP,0.7631
28-01-2019,USD,1
28-01-2019,CAD,1.3238
28-01-2019,AUD,1.3937
28-01-2019,EUR,0.8758
28-01-2019,GBP,0.761
29-01-2019,USD,1
29-01-2019,CAD,1.3257
29-01-2019,AUD,1.3968
29-01-2019,EUR,0.8755
29-01-2019,GBP,0.7594
30-01-2019,USD,1
30-01-2019,CAD,1.3222
30-01-2019,AUD,1.3899
30-01-2019,EUR,0.875
30-01-2019,GBP,0.7642
31-01-2019,USD,1
31-01-2019,CAD,1.3152
31-01-2019,AUD,1.3742
31-01-2019,EUR,0.8705
31-01-2019,GBP,0.7623
01-02-2019,USD,1
01-02-2019,CAD,1.3142
01-02-2019,AUD,1.3764
01-02-2019,EUR,0.8718
01-02-2019,GBP,0.7662
02-02-2019,USD,1
02-02-2019,CAD,1.3142
02-02-2019,AUD,1.3764
02-02-2019,EUR,0.8718
02-02-2019,GBP,0.7662
03-02-2019,USD,1
03-02-2019,CAD,1.3142
03-02-2019,AUD,1.3764
03-02-2019,EUR,0.8718
03-02-2019,GBP,0.7662
04-02-2019,USD,1
04-02-2019,CAD,1.3116
04-02-2019,AUD,1.3851
04-02-2019,EUR,0.8737
04-02-2019,GBP,0.7661
05-02-2019,USD,1
05-02-2019,CAD,1.3128
05-02-2019,AUD,1.3806
05-02-2019,EUR,0.8754
05-02-2019,GBP,0.7687
06-02-2019,USD,1
06-02-2019,CAD,1.3182
06-02-2019,AUD,1.4014
06-02-2019,EUR,0.8777
06-02-2019,GBP,0.7712
07-02-2019,USD,1
07-02-2019,CAD,1.3266
07-02-2019,AUD,1.4063
07-02-2019,EUR,0.8814
07-02-2019,GBP,0.7735
08-02-2019,USD,1
08-02-2019,CAD,1.3307
08-02-2019,AUD,1.4107
08-02-2019,EUR,0.8814
08-02-2019,GBP,0.7711
09-02-2019,USD,1
09-02-2019,CAD,1.3307
09-02-2019,AUD,1.4107
09-02-2019,EUR,0.8814
09-02-2019,GBP,0.7711
10-02-2019,USD,1
10-02-2019,CAD,1.3307
10-02-2019,AUD,1.4107
10-02-2019,EUR,0.8814
10-02-2019,GBP,0.7711
11-02-2019,USD,1
11-02-2019,CAD,1.3268
11-02-2019,AUD,1.4133
11-02-2019,EUR,0.8843
11-02-2019,GBP,0.7747
12-02-2019,USD,1
12-02-2019,CAD,1.3252
12-02-2019,AUD,1.4099
12-02-2019,EUR,0.8853
12-02-2019,GBP,0.7764
13-02-2019,USD,1
13-02-2019,CAD,1.3244
13-02-2019,AUD,1.4065
13-02-2019,EUR,0.8846
13-02-2019,GBP,0.7745
14-02-2019,USD,1
14-02-2019,CAD,1.3267
14-02-2019,AUD,1.4065
14-02-2019,EUR,0.8875
14-02-2019,GBP,0.7805
15-02-2019,USD,1
15-02-2019,CAD,1.3285
15-02-2019,AUD,1.4064
15-02-2019,EUR,0.8881
15-02-2019,GBP,0.781
16-02-2019,USD,1
16-02-2019,CAD,1.3285
16-02-2019,AUD,1.4064
16-02-2019,EUR,0.8881
16-02-2019,GBP,0.781
17-02-2019,USD,1
17-02-2019,CAD,1.3285
17-02-2019,AUD,1.4064
17-02-2019,EUR,0.8881
17-02-2019,GBP,0.781
18-02-2019,USD,1
18-02-2019,CAD,1.3234
18-02-2019,AUD,1.397
18-02-2019,EUR,0.8828
18-02-2019,GBP,0.7735
19-02-2019,USD,1
19-02-2019,CAD,1.3247
19-02-2019,AUD,1.4061
19-02-2019,EUR,0.8854
19-02-2019,GBP,0.772
20-02-2019,USD,1
20-02-2019,CAD,1.3186
20-02-2019,AUD,1.3969
20-02-2019,EUR,0.8817
20-02-2019,GBP,0.7666
21-02-2019,USD,1
21-02-2019,CAD,1.3168
21-02-2019,AUD,1.4065
21-02-2019,EUR,0.8807
21-02-2019,GBP,0.7645
22-02-2019,USD,1
22-02-2019,CAD,1.3224
22-02-2019,AUD,1.406
22-02-2019,EUR,0.883
22-02-2019,GBP,0.7705
23-02-2019,USD,1
23-02-2019,CAD,1.3224
23-02-2019,AUD,1.406
23-02-2019,EUR,0.883
23-02-2019,GBP,0.7705
24-02-2019,USD,1
24-02-2019,CAD,1.3224
24-02-2019,AUD,1.406
24-02-2019,EUR,0.883
24-02-2019,GBP,0.7705
25-02-2019,USD,1
25-02-2019,CAD,1.3143
25-02-2019,AUD,1.3942
25-02-2019,EUR,0.8807
25-02-2019,GBP,0.7647
26-02-2019,USD,1
26-02-2019,CAD,1.3224
26-02-2019,AUD,1.3993
26-02-2019,EUR,0.8802
26-02-2019,GBP,0.7575
27-02-2019,USD,1
27-02-2019,CAD,1.3141
27-02-2019,AUD,1.3972
27-02-2019,EUR,0.8783
27-02-2019,GBP,0.7509
28-02-2019,USD,1
28-02-2019,CAD,1.3176
28-02-2019,AUD,1.4005
28-02-2019,EUR,0.876
28-02-2019,GBP,0.7519
01-03-2019,USD,1
01-03-2019,CAD,1.3152
01-03-2019,AUD,1.4056
01-03-2019,EUR,0.8785
01-03-2019,GBP,0.7552
02-03-2019,USD,1
02-03-2019,CAD,1.3152
02-03-2019,AUD,1.4056
02-03-2019,EUR,0.8785
02-03-2019,GBP,0.7552
03-03-2019,USD,1
03-03-2019,CAD,1.3152
03-03-2019,AUD,1.4056
03-03-2019,EUR,0.8785
03-03-2019,GBP,0.7552
04-03-2019,USD,1
04-03-2019,CAD,1.3312
04-03-2019,AUD,1.4104
04-03-2019,EUR,0.8821
04-03-2019,GBP,0.7566
05-03-2019,USD,1
05-03-2019,CAD,1.3343
05-03-2019,AUD,1.4138
05-03-2019,EUR,0.8827
05-03-2019,GBP,0.7623
06-03-2019,USD,1
06-03-2019,CAD,1.3382
06-03-2019,AUD,1.4217
06-03-2019,EUR,0.8846
06-03-2019,GBP,0.7605
07-03-2019,USD,1
07-03-2019,CAD,1.3425
07-03-2019,AUD,1.4208
07-03-2019,EUR,0.8872
07-03-2019,GBP,0.762
08-03-2019,USD,1
08-03-2019,CAD,1.3455
08-03-2019,AUD,1.4226
08-03-2019,EUR,0.8911
08-03-2019,GBP,0.7655
09-03-2019,USD,1
09-03-2019,CAD,1.3455
09-03-2019,AUD,1.4226
09-03-2019,EUR,0.8911
09-03-2019,GBP,0.7655
10-03-2019,USD,1
10-03-2019,CAD,1.3455
10-03-2019,AUD,1.4226
10-03-2019,EUR,0.8911
10-03-2019,GBP,0.7655
11-03-2019,USD,1
11-03-2019,CAD,1.3423
11-03-2019,AUD,1.4172
11-03-2019,EUR,0.8894
11-03-2019,GBP,0.767
12-03-2019,USD,1
12-03-2019,CAD,1.3402
12-03-2019,AUD,1.4125
12-03-2019,EUR,0.8869
12-03-2019,GBP,0.764
13-03-2019,USD,1
13-03-2019,CAD,1.3348
13-03-2019,AUD,1.416
13-03-2019,EUR,0.8847
13-03-2019,GBP,0.7598
14-03-2019,USD,1
14-03-2019,CAD,1.3346
14-03-2019,AUD,1.4192
14-03-2019,EUR,0.8853
14-03-2019,GBP,0.7546
15-03-2019,USD,1
15-03-2019,CAD,1.3369
15-03-2019,AUD,1.4139
15-03-2019,EUR,0.8843
15-03-2019,GBP,0.7554
16-03-2019,USD,1
16-03-2019,CAD,1.3369
16-03-2019,AUD,1.4139
16-03-2019,EUR,0.8843
16-03-2019,GBP,0.7554
17-03-2019,USD,1
17-03-2019,CAD,1.3369
17-03-2019,AUD,1.4139
17-03-2019,EUR,0.8843
17-03-2019,GBP,0.7554
18-03-2019,USD,1
18-03-2019,CAD,1.3335
18-03-2019,AUD,1.4081
18-03-2019,EUR,0.8811
18-03-2019,GBP,0.7548
19-03-2019,USD,1
19-03-2019,CAD,1.3259
19-03-2019,AUD,1.4075
19-03-2019,EUR,0.8804
19-03-2019,GBP,0.7532
20-03-2019,USD,1
20-03-2019,CAD,1.3321
20-03-2019,AUD,1.4091
20-03-2019,EUR,0.8807
20-03-2019,GBP,0.7599
21-03-2019,USD,1
21-03-2019,CAD,1.3339
21-03-2019,AUD,1.4038
21-03-2019,EUR,0.8782
21-03-2019,GBP,0.761
22-03-2019,USD,1
22-03-2019,CAD,1.3409
22-03-2019,AUD,1.4089
22-03-2019,EUR,0.8848
22-03-2019,GBP,0.76
23-03-2019,USD,1
23-03-2019,CAD,1.3409
23-03-2019,AUD,1.4089
23-03-2019,EUR,0.8848
23-03-2019,GBP,0.76
24-03-2019,USD,1
24-03-2019,CAD,1.3409
24-03-2019,AUD,1.4089
24-03-2019,EUR,0.8848
24-03-2019,GBP,0.76
25-03-2019,USD,1
25-03-2019,CAD,1.3425
25-03-2019,AUD,1.4067
25-03-2019,EUR,0.883
25-03-2019,GBP,0.7562
26-03-2019,USD,1
26-03-2019,CAD,1.3402
26-03-2019,AUD,1.4022
26-03-2019,EUR,0.8857
26-03-2019,GBP,0.7557
27-03-2019,USD,1
27-03-2019,CAD,1.341
27-03-2019,AUD,1.4109
27-03-2019,EUR,0.888
27-03-2019,GBP,0.7559
28-03-2019,USD,1
28-03-2019,CAD,1.343
28-03-2019,AUD,1.4129
28-03-2019,EUR,0.8914
28-03-2019,GBP,0.7627
29-03-2019,USD,1
29-03-2019,CAD,1.3351
29-03-2019,AUD,1.4082
29-03-2019,EUR,0.8901
29-03-2019,GBP,0.764
30-03-2019,USD,1
30-03-2019,CAD,1.3351
30-03-2019,AUD,1.4082
30-03-2019,EUR,0.8901
30-03-2019,GBP,0.764
31-03-2019,USD,1
31-03-2019,CAD,1.3351
31-03-2019,AUD,1.4082
31-03-2019,EUR,0.8901
31-03-2019,GBP,0.764
01-04-2019,USD,1
01-04-2019,CAD,1.3355
01-04-2019,AUD,1.404
01-04-2019,EUR,0.89
01-04-2019,GBP,0.7624
02-04-2019,USD,1
02-04-2019,CAD,1.3321
02-04-2019,AUD,1.4122
02-04-2019,EUR,0.8929
02-04-2019,GBP,0.7679
03-04-2019,USD,1
03-04-2019,CAD,1.331
03-04-2019,AUD,1.4048
03-04-2019,EUR,0.8894
03-04-2019,GBP,0.7595
04-04-2019,USD,1
04-04-2019,CAD,1.3359
04-04-2019,AUD,1.4066
04-04-2019,EUR,0.8913
04-04-2019,GBP,0.7614
05-04-2019,USD,1
05-04-2019,CAD,1.338
05-04-2019,AUD,1.4054
05-04-2019,EUR,0.8902
05-04-2019,GBP,0.765
06-04-2019,USD,1
06-04-2019,CAD,1.338
06-04-2019,AUD,1.4054
06-04-2019,EUR,0.8902
06-04-2019,GBP,0.765
07-04-2019,USD,1
07-04-2019,CAD,1.338
07-04-2019,AUD,1.4054
07-04-2019,EUR,0.8902
07-04-2019,GBP,0.765
08-04-2019,USD,1
08-04-2019,CAD,1.3375
08-04-2019,AUD,1.407
08-04-2019,EUR,0.8892
08-04-2019,GBP,0.7663
09-04-2019,USD,1
09-04-2019,CAD,1.3287
09-04-2019,AUD,1.3994
09-04-2019,EUR,0.8868
09-04-2019,GBP,0.7656
10-04-2019,USD,1
10-04-2019,CAD,1.3327
10-04-2019,AUD,1.3995
10-04-2019,EUR,0.8866
10-04-2019,GBP,0.7632
11-04-2019,USD,1
11-04-2019,CAD,1.3376
11-04-2019,AUD,1.3991
11-04-2019,EUR,0.8878
11-04-2019,GBP,0.765
12-04-2019,USD,1
12-04-2019,CAD,1.3322
12-04-2019,AUD,1.3931
12-04-2019,EUR,0.8833
12-04-2019,GBP,0.7622
13-04-2019,USD,1
13-04-2019,CAD,1.3322
13-04-2019,AUD,1.3931
13-04-2019,EUR,0.8833
13-04-2019,GBP,0.7622
14-04-2019,USD,1
14-04-2019,CAD,1.3322
14-04-2019,AUD,1.3931
14-04-2019,EUR,0.8833
14-04-2019,GBP,0.7622
15-04-2019,USD,1
15-04-2019,CAD,1.3312
15-04-2019,AUD,1.3932
15-04-2019,EUR,0.8839
15-04-2019,GBP,0.7629
16-04-2019,USD,1
16-04-2019,CAD,1.3366
16-04-2019,AUD,1.3947
16-04-2019,EUR,0.8846
16-04-2019,GBP,0.7642
17-04-2019,USD,1
17-04-2019,CAD,1.3335
17-04-2019,AUD,1.3903
17-04-2019,EUR,0.8849
17-04-2019,GBP,0.7662
18-04-2019,USD,1
18-04-2019,CAD,1.3391
18-04-2019,AUD,1.3972
18-04-2019,EUR,0.8889
18-04-2019,GBP,0.7686
19-04-2019,USD,1
19-04-2019,CAD,1.3391
19-04-2019,AUD,1.3972
19-04-2019,EUR,0.8889
19-04-2019,GBP,0.7686
20-04-2019,USD,1
20-04-2019,CAD,1.3391
20-04-2019,AUD,1.3972
20-04-2019,EUR,0.8889
20-04-2019,GBP,0.7686
21-04-2019,USD,1
21-04-2019,CAD,1.3391
21-04-2019,AUD,1.3972
21-04-2019,EUR,0.8889
21-04-2019,GBP,0.7686
22-04-2019,USD,1
22-04-2019,CAD,1.3391
22-04-2019,AUD,1.3972
22-04-2019,EUR,0.8889
22-04-2019,GBP,0.7686
23-04-2019,USD,1
23-04-2019,CAD,1.339
23-04-2019,AUD,1.4063
23-04-2019,EUR,0.8893
23-04-2019,GBP,0.7688
24-04-2019,USD,1
24-04-2019,CAD,1.3452
24-04-2019,AUD,1.4205
24-04-2019,EUR,0.8921
24-04-2019,GBP,0.7721
25-04-2019,USD,1
25-04-2019,CAD,1.3506
25-04-2019,AUD,1.43
25-04-2019,EUR,0.899
25-04-2019,GBP,0.7771
26-04-2019,USD,1
26-04-2019,CAD,1.3491
26-04-2019,AUD,1.4214
26-04-2019,EUR,0.8982
26-04-2019,GBP,0.7755
27-04-2019,USD,1
27-04-2019,CAD,1.3491
27-04-2019,AUD,1.4214
27-04-2019,EUR,0.8982
27-04-2019,GBP,0.7755
28-04-2019,USD,1
28-04-2019,CAD,1.3491
28-04-2019,AUD,1.4214
28-04-2019,EUR,0.8982
28-04-2019,GBP,0.7755
29-04-2019,USD,1
29-04-2019,CAD,1.3478
29-04-2019,AUD,1.4193
29-04-2019,EUR,0.8969
29-04-2019,GBP,0.7743
30-04-2019,USD,1
30-04-2019,CAD,1.3438
30-04-2019,AUD,1.4183
30-04-2019,EUR,0.8914
30-04-2019,GBP,0.7688
01-05-2019,USD,1
01-05-2019,CAD,1.3438
01-05-2019,AUD,1.4183
01-05-2019,EUR,0.8914
01-05-2019,GBP,0.7688
02-05-2019,USD,1
02-05-2019,CAD,1.3436
02-05-2019,AUD,1.4244
02-05-2019,EUR,0.8919
02-05-2019,GBP,0.7664
03-05-2019,USD,1
03-05-2019,CAD,1.3464
03-05-2019,AUD,1.4292
03-05-2019,EUR,0.8965
03-05-2019,GBP,0.769
04-05-2019,USD,1
04-05-2019,CAD,1.3464
04-05-2019,AUD,1.4292
04-05-2019,EUR,0.8965
04-05-2019,GBP,0.769
05-05-2019,USD,1
05-05-2019,CAD,1.3464
05-05-2019,AUD,1.4292
05-05-2019,EUR,0.8965
05-05-2019,GBP,0.769
06-05-2019,USD,1
06-05-2019,CAD,1.3479
06-05-2019,AUD,1.4306
06-05-2019,EUR,0.8929
06-05-2019,GBP,0.7632
07-05-2019,USD,1
07-05-2019,CAD,1.3469
07-05-2019,AUD,1.4255
07-05-2019,EUR,0.8941
07-05-2019,GBP,0.7657
08-05-2019,USD,1
08-05-2019,CAD,1.3457
08-05-2019,AUD,1.4272
08-05-2019,EUR,0.8927
08-05-2019,GBP,0.7686
09-05-2019,USD,1
09-05-2019,CAD,1.3484
09-05-2019,AUD,1.4336
09-05-2019,EUR,0.8934
09-05-2019,GBP,0.7694
10-05-2019,USD,1
10-05-2019,CAD,1.3475
10-05-2019,AUD,1.43
10-05-2019,EUR,0.8905
10-05-2019,GBP,0.768
11-05-2019,USD,1
11-05-2019,CAD,1.3475
11-05-2019,AUD,1.43
11-05-2019,EUR,0.8905
11-05-2019,GBP,0.768
12-05-2019,USD,1
12-05-2019,CAD,1.3475
12-05-2019,AUD,1.43
12-05-2019,EUR,0.8905
12-05-2019,GBP,0.768
13-05-2019,USD,1
13-05-2019,CAD,1.3443
13-05-2019,AUD,1.4355
13-05-2019,EUR,0.8893
13-05-2019,GBP,0.7679
14-05-2019,USD,1
14-05-2019,CAD,1.3466
14-05-2019,AUD,1.4397
14-05-2019,EUR,0.8908
14-05-2019,GBP,0.7725
15-05-2019,USD,1
15-05-2019,CAD,1.348
15-05-2019,AUD,1.4456
15-05-2019,EUR,0.8942
15-05-2019,GBP,0.7764
16-05-2019,USD,1
16-05-2019,CAD,1.3424
16-05-2019,AUD,1.4472
16-05-2019,EUR,0.8926
16-05-2019,GBP,0.7807
17-05-2019,USD,1
17-05-2019,CAD,1.3493
17-05-2019,AUD,1.4535
17-05-2019,EUR,0.8951
17-05-2019,GBP,0.7841
18-05-2019,USD,1
18-05-2019,CAD,1.3493
18-05-2019,AUD,1.4535
18-05-2019,EUR,0.8951
18-05-2019,GBP,0.7841
19-05-2019,USD,1
19-05-2019,CAD,1.3493
19-05-2019,AUD,1.4535
19-05-2019,EUR,0.8951
19-05-2019,GBP,0.7841
20-05-2019,USD,1
20-05-2019,CAD,1.3432
20-05-2019,AUD,1.4454
20-05-2019,EUR,0.8955
20-05-2019,GBP,0.7846
21-05-2019,USD,1
21-05-2019,CAD,1.3409
21-05-2019,AUD,1.4535
21-05-2019,EUR,0.896
21-05-2019,GBP,0.785
22-05-2019,USD,1
22-05-2019,CAD,1.3385
22-05-2019,AUD,1.4521
22-05-2019,EUR,0.8952
22-05-2019,GBP,0.7903
23-05-2019,USD,1
23-05-2019,CAD,1.3466
23-05-2019,AUD,1.4543
23-05-2019,EUR,0.8977
23-05-2019,GBP,0.7909
24-05-2019,USD,1
24-05-2019,CAD,1.3456
24-05-2019,AUD,1.4486
24-05-2019,EUR,0.8939
24-05-2019,GBP,0.7895
25-05-2019,USD,1
25-05-2019,CAD,1.3456
25-05-2019,AUD,1.4486
25-05-2019,EUR,0.8939
25-05-2019,GBP,0.7895
26-05-2019,USD,1
26-05-2019,CAD,1.3456
26-05-2019,AUD,1.4486
26-05-2019,EUR,0.8939
26-05-2019,GBP,0.7895
27-05-2019,USD,1
27-05-2019,CAD,1.345
27-05-2019,AUD,1.4438
27-05-2019,EUR,0.893
27-05-2019,GBP,0.7879
28-05-2019,USD,1
28-05-2019,CAD,1.3466
28-05-2019,AUD,1.4441
28-05-2019,EUR,0.8935
28-05-2019,GBP,0.7896
29-05-2019,USD,1
29-05-2019,CAD,1.3504
29-05-2019,AUD,1.4446
29-05-2019,EUR,0.8964
29-05-2019,GBP,0.7908
30-05-2019,USD,1
30-05-2019,CAD,1.3498
30-05-2019,AUD,1.4458
30-05-2019,EUR,0.8981
30-05-2019,GBP,0.792
31-05-2019,USD,1
31-05-2019,CAD,1.3555
31-05-2019,AUD,1.447
31-05-2019,EUR,0.8968
31-05-2019,GBP,0.7954
01-06-2019,USD,1
01-06-2019,CAD,1.3555
01-06-2019,AUD,1.447
01-06-2019,EUR,0.8968
01-06-2019,GBP,0.7954
02-06-2019,USD,1
02-06-2019,CAD,1.3555
02-06-2019,AUD,1.447
02-06-2019,EUR,0.8968
02-06-2019,GBP,0.7954
03-06-2019,USD,1
03-06-2019,CAD,1.3498
03-06-2019,AUD,1.4374
03-06-2019,EUR,0.8941
03-06-2019,GBP,0.7923
04-06-2019,USD,1
04-06-2019,CAD,1.3439
04-06-2019,AUD,1.4333
04-06-2019,EUR,0.8894
04-06-2019,GBP,0.7892
05-06-2019,USD,1
05-06-2019,CAD,1.3387
05-06-2019,AUD,1.4315
05-06-2019,EUR,0.8883
05-06-2019,GBP,0.7873
06-06-2019,USD,1
06-06-2019,CAD,1.34
06-06-2019,AUD,1.4319
06-06-2019,EUR,0.8876
06-06-2019,GBP,0.7861
07-06-2019,USD,1
07-06-2019,CAD,1.336
07-06-2019,AUD,1.4347
07-06-2019,EUR,0.8871
07-06-2019,GBP,0.7866
08-06-2019,USD,1
08-06-2019,CAD,1.336
08-06-2019,AUD,1.4347
08-06-2019,EUR,0.8871
08-06-2019,GBP,0.7866
09-06-2019,USD,1
09-06-2019,CAD,1.336
09-06-2019,AUD,1.4347
09-06-2019,EUR,0.8871
09-06-2019,GBP,0.7866
10-06-2019,USD,1
10-06-2019,CAD,1.3277
10-06-2019,AUD,1.4366
10-06-2019,EUR,0.8849
10-06-2019,GBP,0.7897
11-06-2019,USD,1
11-06-2019,CAD,1.3253
11-06-2019,AUD,1.4375
11-06-2019,EUR,0.8834
11-06-2019,GBP,0.787
12-06-2019,USD,1
12-06-2019,CAD,1.3299
12-06-2019,AUD,1.4388
12-06-2019,EUR,0.8832
12-06-2019,GBP,0.7843
13-06-2019,USD,1
13-06-2019,CAD,1.3306
13-06-2019,AUD,1.4471
13-06-2019,EUR,0.8858
13-06-2019,GBP,0.7879
14-06-2019,USD,1
14-06-2019,CAD,1.3332
14-06-2019,AUD,1.4491
14-06-2019,EUR,0.8877
14-06-2019,GBP,0.7909
15-06-2019,USD,1
15-06-2019,CAD,1.3332
15-06-2019,AUD,1.4491
15-06-2019,EUR,0.8877
15-06-2019,GBP,0.7909
16-06-2019,USD,1
16-06-2019,CAD,1.3332
16-06-2019,AUD,1.4491
16-06-2019,EUR,0.8877
16-06-2019,GBP,0.7909
17-06-2019,USD,1
17-06-2019,CAD,1.3414
17-06-2019,AUD,1.4558
17-06-2019,EUR,0.8902
17-06-2019,GBP,0.7941
18-06-2019,USD,1
18-06-2019,CAD,1.3423
18-06-2019,AUD,1.4614
18-06-2019,EUR,0.8939
18-06-2019,GBP,0.7992
19-06-2019,USD,1
19-06-2019,CAD,1.3376
19-06-2019,AUD,1.4547
19-06-2019,EUR,0.8923
19-06-2019,GBP,0.7943
20-06-2019,USD,1
20-06-2019,CAD,1.3165
20-06-2019,AUD,1.4436
20-06-2019,EUR,0.8844
20-06-2019,GBP,0.7885
21-06-2019,USD,1
21-06-2019,CAD,1.3192
21-06-2019,AUD,1.448
21-06-2019,EUR,0.8837
21-06-2019,GBP,0.7903
22-06-2019,USD,1
22-06-2019,CAD,1.3192
22-06-2019,AUD,1.448
22-06-2019,EUR,0.8837
22-06-2019,GBP,0.7903
23-06-2019,USD,1
23-06-2019,CAD,1.3192
23-06-2019,AUD,1.448
23-06-2019,EUR,0.8837
23-06-2019,GBP,0.7903
24-06-2019,USD,1
24-06-2019,CAD,1.3191
24-06-2019,AUD,1.438
24-06-2019,EUR,0.8777
24-06-2019,GBP,0.7843
25-06-2019,USD,1
25-06-2019,CAD,1.3173
25-06-2019,AUD,1.4349
25-06-2019,EUR,0.8781
25-06-2019,GBP,0.7858
26-06-2019,USD,1
26-06-2019,CAD,1.3155
26-06-2019,AUD,1.4326
26-06-2019,EUR,0.8801
26-06-2019,GBP,0.7886
27-06-2019,USD,1
27-06-2019,CAD,1.3129
27-06-2019,AUD,1.4293
27-06-2019,EUR,0.8795
27-06-2019,GBP,0.7865
28-06-2019,USD,1
28-06-2019,CAD,1.3087
28-06-2019,AUD,1.4274
28-06-2019,EUR,0.8787
28-06-2019,GBP,0.7878
29-06-2019,USD,1
29-06-2019,CAD,1.3087
29-06-2019,AUD,1.4274
29-06-2019,EUR,0.8787
29-06-2019,GBP,0.7878
30-06-2019,USD,1
30-06-2019,CAD,1.3087
30-06-2019,AUD,1.4274
30-06-2019,EUR,0.8787
30-06-2019,GBP,0.7878
01-07-2019,USD,1
01-07-2019,CAD,1.3099
01-07-2019,AUD,1.4297
01-07-2019,EUR,0.8811
01-07-2019,GBP,0.7905
02-07-2019,USD,1
02-07-2019,CAD,1.3113
02-07-2019,AUD,1.4295
02-07-2019,EUR,0.8849
02-07-2019,GBP,0.7915
03-07-2019,USD,1
03-07-2019,CAD,1.31
03-07-2019,AUD,1.425
03-07-2019,EUR,0.8855
03-07-2019,GBP,0.7947
04-07-2019,USD,1
04-07-2019,CAD,1.3066
04-07-2019,AUD,1.4242
04-07-2019,EUR,0.8859
04-07-2019,GBP,0.7949
05-07-2019,USD,1
05-07-2019,CAD,1.3066
05-07-2019,AUD,1.426
05-07-2019,EUR,0.8881
05-07-2019,GBP,0.7967
06-07-2019,USD,1
06-07-2019,CAD,1.3066
06-07-2019,AUD,1.426
06-07-2019,EUR,0.8881
06-07-2019,GBP,0.7967
07-07-2019,USD,1
07-07-2019,CAD,1.3066
07-07-2019,AUD,1.426
07-07-2019,EUR,0.8881
07-07-2019,GBP,0.7967
08-07-2019,USD,1
08-07-2019,CAD,1.3056
08-07-2019,AUD,1.4318
08-07-2019,EUR,0.8917
08-07-2019,GBP,0.7992
09-07-2019,USD,1
09-07-2019,CAD,1.3124
09-07-2019,AUD,1.4426
09-07-2019,EUR,0.8925
09-07-2019,GBP,0.803
10-07-2019,USD,1
10-07-2019,CAD,1.3113
10-07-2019,AUD,1.4447
10-07-2019,EUR,0.8913
10-07-2019,GBP,0.8015
11-07-2019,USD,1
11-07-2019,CAD,1.3057
11-07-2019,AUD,1.4315
11-07-2019,EUR,0.8861
11-07-2019,GBP,0.7957
12-07-2019,USD,1
12-07-2019,CAD,1.3034
12-07-2019,AUD,1.4309
12-07-2019,EUR,0.8887
12-07-2019,GBP,0.7979
13-07-2019,USD,1
13-07-2019,CAD,1.3034
13-07-2019,AUD,1.4309
13-07-2019,EUR,0.8887
13-07-2019,GBP,0.7979
14-07-2019,USD,1
14-07-2019,CAD,1.3034
14-07-2019,AUD,1.4309
14-07-2019,EUR,0.8887
14-07-2019,GBP,0.7979
15-07-2019,USD,1
15-07-2019,CAD,1.303
15-07-2019,AUD,1.4219
15-07-2019,EUR,0.8874
15-07-2019,GBP,0.7975
16-07-2019,USD,1
16-07-2019,CAD,1.3047
16-07-2019,AUD,1.4216
16-07-2019,EUR,0.891
16-07-2019,GBP,0.8042
17-07-2019,USD,1
17-07-2019,CAD,1.3066
17-07-2019,AUD,1.4275
17-07-2019,EUR,0.8917
17-07-2019,GBP,0.8055
18-07-2019,USD,1
18-07-2019,CAD,1.3062
18-07-2019,AUD,1.4215
18-07-2019,EUR,0.8916
18-07-2019,GBP,0.8011
19-07-2019,USD,1
19-07-2019,CAD,1.3055
19-07-2019,AUD,1.4175
19-07-2019,EUR,0.8908
19-07-2019,GBP,0.7985
20-07-2019,USD,1
20-07-2019,CAD,1.3055
20-07-2019,AUD,1.4175
20-07-2019,EUR,0.8908
20-07-2019,GBP,0.7985
21-07-2019,USD,1
21-07-2019,CAD,1.3055
21-07-2019,AUD,1.4175
21-07-2019,EUR,0.8908
21-07-2019,GBP,0.7985
22-07-2019,USD,1
22-07-2019,CAD,1.3076
22-07-2019,AUD,1.4188
22-07-2019,EUR,0.8917
22-07-2019,GBP,0.8022
23-07-2019,USD,1
23-07-2019,CAD,1.3149
23-07-2019,AUD,1.4229
23-07-2019,EUR,0.895
23-07-2019,GBP,0.804
24-07-2019,USD,1
24-07-2019,CAD,1.313
24-07-2019,AUD,1.4327
24-07-2019,EUR,0.8977
24-07-2019,GBP,0.8002
25-07-2019,USD,1
25-07-2019,CAD,1.3127
25-07-2019,AUD,1.4344
25-07-2019,EUR,0.8997
25-07-2019,GBP,0.8004
26-07-2019,USD,1
26-07-2019,CAD,1.318
26-07-2019,AUD,1.4439
26-07-2019,EUR,0.8978
26-07-2019,GBP,0.8047
27-07-2019,USD,1
27-07-2019,CAD,1.318
27-07-2019,AUD,1.4439
27-07-2019,EUR,0.8978
27-07-2019,GBP,0.8047
28-07-2019,USD,1
28-07-2019,CAD,1.318
28-07-2019,AUD,1.4439
28-07-2019,EUR,0.8978
28-07-2019,GBP,0.8047
29-07-2019,USD,1
29-07-2019,CAD,1.3171
29-07-2019,AUD,1.4489
29-07-2019,EUR,0.8994
29-07-2019,GBP,0.8134
30-07-2019,USD,1
30-07-2019,CAD,1.3171
30-07-2019,AUD,1.4514
30-07-2019,EUR,0.8965
30-07-2019,GBP,0.8217
31-07-2019,USD,1
31-07-2019,CAD,1.3149
31-07-2019,AUD,1.4505
31-07-2019,EUR,0.8968
31-07-2019,GBP,0.8217
01-08-2019,USD,1
01-08-2019,CAD,1.323
01-08-2019,AUD,1.4619
01-08-2019,EUR,0.906
01-08-2019,GBP,0.8259
02-08-2019,USD,1
02-08-2019,CAD,1.3234
02-08-2019,AUD,1.4735
02-08-2019,EUR,0.9004
02-08-2019,GBP,0.8239
03-08-2019,USD,1
03-08-2019,CAD,1.3234
03-08-2019,AUD,1.4735
03-08-2019,EUR,0.9004
03-08-2019,GBP,0.8239
04-08-2019,USD,1
04-08-2019,CAD,1.3234
04-08-2019,AUD,1.4735
04-08-2019,EUR,0.9004
04-08-2019,GBP,0.8239
05-08-2019,USD,1
05-08-2019,CAD,1.3213
05-08-2019,AUD,1.4774
05-08-2019,EUR,0.8943
05-08-2019,GBP,0.8217
06-08-2019,USD,1
06-08-2019,CAD,1.3216
06-08-2019,AUD,1.472
06-08-2019,EUR,0.8939
06-08-2019,GBP,0.8209
07-08-2019,USD,1
07-08-2019,CAD,1.3319
07-08-2019,AUD,1.4844
07-08-2019,EUR,0.8927
07-08-2019,GBP,0.8244
08-08-2019,USD,1
08-08-2019,CAD,1.3289
08-08-2019,AUD,1.4726
08-08-2019,EUR,0.8934
08-08-2019,GBP,0.823
09-08-2019,USD,1
09-08-2019,CAD,1.3213
09-08-2019,AUD,1.4692
09-08-2019,EUR,0.893
09-08-2019,GBP,0.8289
10-08-2019,USD,1
10-08-2019,CAD,1.3213
10-08-2019,AUD,1.4692
10-08-2019,EUR,0.893
10-08-2019,GBP,0.8289
11-08-2019,USD,1
11-08-2019,CAD,1.3213
11-08-2019,AUD,1.4692
11-08-2019,EUR,0.893
11-08-2019,GBP,0.8289
12-08-2019,USD,1
12-08-2019,CAD,1.3228
12-08-2019,AUD,1.482
12-08-2019,EUR,0.8933
12-08-2019,GBP,0.8274
13-08-2019,USD,1
13-08-2019,CAD,1.3268
13-08-2019,AUD,1.4783
13-08-2019,EUR,0.8911
13-08-2019,GBP,0.8272
14-08-2019,USD,1
14-08-2019,CAD,1.3293
14-08-2019,AUD,1.4819
14-08-2019,EUR,0.8938
14-08-2019,GBP,0.8283
15-08-2019,USD,1
15-08-2019,CAD,1.331
15-08-2019,AUD,1.4746
15-08-2019,EUR,0.8969
15-08-2019,GBP,0.8239
16-08-2019,USD,1
16-08-2019,CAD,1.3299
16-08-2019,AUD,1.4735
16-08-2019,EUR,0.9029
16-08-2019,GBP,0.8219
17-08-2019,USD,1
17-08-2019,CAD,1.3299
17-08-2019,AUD,1.4735
17-08-2019,EUR,0.9029
17-08-2019,GBP,0.8219
18-08-2019,USD,1
18-08-2019,CAD,1.3299
18-08-2019,AUD,1.4735
18-08-2019,EUR,0.9029
18-08-2019,GBP,0.8219
19-08-2019,USD,1
19-08-2019,CAD,1.3266
19-08-2019,AUD,1.4749
19-08-2019,EUR,0.9007
19-08-2019,GBP,0.8248
20-08-2019,USD,1
20-08-2019,CAD,1.3328
20-08-2019,AUD,1.4759
20-08-2019,EUR,0.9029
20-08-2019,GBP,0.8272
21-08-2019,USD,1
21-08-2019,CAD,1.3293
21-08-2019,AUD,1.4713
21-08-2019,EUR,0.9006
21-08-2019,GBP,0.8244
22-08-2019,USD,1
22-08-2019,CAD,1.3283
22-08-2019,AUD,1.4779
22-08-2019,EUR,0.9023
22-08-2019,GBP,0.8224
23-08-2019,USD,1
23-08-2019,CAD,1.3322
23-08-2019,AUD,1.4818
23-08-2019,EUR,0.9038
23-08-2019,GBP,0.8175
24-08-2019,USD,1
24-08-2019,CAD,1.3322
24-08-2019,AUD,1.4818
24-08-2019,EUR,0.9038
24-08-2019,GBP,0.8175
25-08-2019,USD,1
25-08-2019,CAD,1.3322
25-08-2019,AUD,1.4818
25-08-2019,EUR,0.9038
25-08-2019,GBP,0.8175
26-08-2019,USD,1
26-08-2019,CAD,1.3303
26-08-2019,AUD,1.478
26-08-2019,EUR,0.8996
26-08-2019,GBP,0.8169
27-08-2019,USD,1
27-08-2019,CAD,1.3229
27-08-2019,AUD,1.478
27-08-2019,EUR,0.9006
27-08-2019,GBP,0.8144
28-08-2019,USD,1
28-08-2019,CAD,1.3312
28-08-2019,AUD,1.4825
28-08-2019,EUR,0.9023
28-08-2019,GBP,0.8195
29-08-2019,USD,1
29-08-2019,CAD,1.3276
29-08-2019,AUD,1.4814
29-08-2019,EUR,0.9032
29-08-2019,GBP,0.8177
30-08-2019,USD,1
30-08-2019,CAD,1.3282
30-08-2019,AUD,1.4859
30-08-2019,EUR,0.9061
30-08-2019,GBP,0.8206
31-08-2019,USD,1
31-08-2019,CAD,1.3282
31-08-2019,AUD,1.4859
31-08-2019,EUR,0.9061
31-08-2019,GBP,0.8206
01-09-2019,USD,1
01-09-2019,CAD,1.3282
01-09-2019,AUD,1.4859
01-09-2019,EUR,0.9061
01-09-2019,GBP,0.8206
02-09-2019,USD,1
02-09-2019,CAD,1.3341
02-09-2019,AUD,1.4896
02-09-2019,EUR,0.9117
02-09-2019,GBP,0.828
03-09-2019,USD,1
03-09-2019,CAD,1.3374
03-09-2019,AUD,1.4855
03-09-2019,EUR,0.9143
03-09-2019,GBP,0.831
04-09-2019,USD,1
04-09-2019,CAD,1.3323
04-09-2019,AUD,1.4726
04-09-2019,EUR,0.9076
04-09-2019,GBP,0.8192
05-09-2019,USD,1
05-09-2019,CAD,1.3205
05-09-2019,AUD,1.4659
05-09-2019,EUR,0.9043
05-09-2019,GBP,0.8101
06-09-2019,USD,1
06-09-2019,CAD,1.3225
06-09-2019,AUD,1.4632
06-09-2019,EUR,0.9069
06-09-2019,GBP,0.8129
07-09-2019,USD,1
07-09-2019,CAD,1.3225
07-09-2019,AUD,1.4632
07-09-2019,EUR,0.9069
07-09-2019,GBP,0.8129
08-09-2019,USD,1
08-09-2019,CAD,1.3225
08-09-2019,AUD,1.4632
08-09-2019,EUR,0.9069
08-09-2019,GBP,0.8129
09-09-2019,USD,1
09-09-2019,CAD,1.3156
09-09-2019,AUD,1.4562
09-09-2019,EUR,0.9064
09-09-2019,GBP,0.8092
10-09-2019,USD,1
10-09-2019,CAD,1.3167
10-09-2019,AUD,1.4586
10-09-2019,EUR,0.9058
10-09-2019,GBP,0.8089
11-09-2019,USD,1
11-09-2019,CAD,1.3149
11-09-2019,AUD,1.4561
11-09-2019,EUR,0.9088
11-09-2019,GBP,0.8101
12-09-2019,USD,1
12-09-2019,CAD,1.3197
12-09-2019,AUD,1.4543
12-09-2019,EUR,0.9122
12-09-2019,GBP,0.8111
13-09-2019,USD,1
13-09-2019,CAD,1.3215
13-09-2019,AUD,1.4533
13-09-2019,EUR,0.9012
13-09-2019,GBP,0.8029
14-09-2019,USD,1
14-09-2019,CAD,1.3215
14-09-2019,AUD,1.4533
14-09-2019,EUR,0.9012
14-09-2019,GBP,0.8029
15-09-2019,USD,1
15-09-2019,CAD,1.3215
15-09-2019,AUD,1.4533
15-09-2019,EUR,0.9012
15-09-2019,GBP,0.8029
16-09-2019,USD,1
16-09-2019,CAD,1.3253
16-09-2019,AUD,1.4554
16-09-2019,EUR,0.9065
16-09-2019,GBP,0.8024
17-09-2019,USD,1
17-09-2019,CAD,1.326
17-09-2019,AUD,1.4622
17-09-2019,EUR,0.9069
17-09-2019,GBP,0.8055
18-09-2019,USD,1
18-09-2019,CAD,1.325
18-09-2019,AUD,1.4611
18-09-2019,EUR,0.9047
18-09-2019,GBP,0.8027
19-09-2019,USD,1
19-09-2019,CAD,1.327
19-09-2019,AUD,1.472
19-09-2019,EUR,0.9036
19-09-2019,GBP,0.8018
20-09-2019,USD,1
20-09-2019,CAD,1.3269
20-09-2019,AUD,1.4726
20-09-2019,EUR,0.9066
20-09-2019,GBP,0.7999
21-09-2019,USD,1
21-09-2019,CAD,1.3269
21-09-2019,AUD,1.4726
21-09-2019,EUR,0.9066
21-09-2019,GBP,0.7999
22-09-2019,USD,1
22-09-2019,CAD,1.3269
22-09-2019,AUD,1.4726
22-09-2019,EUR,0.9066
22-09-2019,GBP,0.7999
23-09-2019,USD,1
23-09-2019,CAD,1.3278
23-09-2019,AUD,1.4769
23-09-2019,EUR,0.9103
23-09-2019,GBP,0.8042
24-09-2019,USD,1
24-09-2019,CAD,1.3256
24-09-2019,AUD,1.4713
24-09-2019,EUR,0.9088
24-09-2019,GBP,0.8012
25-09-2019,USD,1
25-09-2019,CAD,1.3276
25-09-2019,AUD,1.4784
25-09-2019,EUR,0.9106
25-09-2019,GBP,0.8074
26-09-2019,USD,1
26-09-2019,CAD,1.324
26-09-2019,AUD,1.4776
26-09-2019,EUR,0.9142
26-09-2019,GBP,0.8092
27-09-2019,USD,1
27-09-2019,CAD,1.3254
27-09-2019,AUD,1.4803
27-09-2019,EUR,0.9145
27-09-2019,GBP,0.8119
28-09-2019,USD,1
28-09-2019,CAD,1.3254
28-09-2019,AUD,1.4803
28-09-2019,EUR,0.9145
28-09-2019,GBP,0.8119
29-09-2019,USD,1
29-09-2019,CAD,1.3254
29-09-2019,AUD,1.4803
29-09-2019,EUR,0.9145
29-09-2019,GBP,0.8119
30-09-2019,USD,1
30-09-2019,CAD,1.3248
30-09-2019,AUD,1.4809
30-09-2019,EUR,0.9184
30-09-2019,GBP,0.8134
01-10-2019,USD,1
01-10-2019,CAD,1.3274
01-10-2019,AUD,1.4933
01-10-2019,EUR,0.9176
01-10-2019,GBP,0.8163
02-10-2019,USD,1
02-10-2019,CAD,1.3242
02-10-2019,AUD,1.4967
02-10-2019,EUR,0.9153
02-10-2019,GBP,0.8144
03-10-2019,USD,1
03-10-2019,CAD,1.3338
03-10-2019,AUD,1.4879
03-10-2019,EUR,0.9132
03-10-2019,GBP,0.8108
04-10-2019,USD,1
04-10-2019,CAD,1.3309
04-10-2019,AUD,1.4798
04-10-2019,EUR,0.9108
04-10-2019,GBP,0.811
05-10-2019,USD,1
05-10-2019,CAD,1.3309
05-10-2019,AUD,1.4798
05-10-2019,EUR,0.9108
05-10-2019,GBP,0.811
06-10-2019,USD,1
06-10-2019,CAD,1.3309
06-10-2019,AUD,1.4798
06-10-2019,EUR,0.9108
06-10-2019,GBP,0.811
07-10-2019,USD,1
07-10-2019,CAD,1.3311
07-10-2019,AUD,1.4842
07-10-2019,EUR,0.9097
07-10-2019,GBP,0.811
08-10-2019,USD,1
08-10-2019,CAD,1.3311
08-10-2019,AUD,1.4824
08-10-2019,EUR,0.9102
08-10-2019,GBP,0.8174
09-10-2019,USD,1
09-10-2019,CAD,1.3302
09-10-2019,AUD,1.4827
09-10-2019,EUR,0.9107
09-10-2019,GBP,0.8182
10-10-2019,USD,1
10-10-2019,CAD,1.3307
10-10-2019,AUD,1.4784
10-10-2019,EUR,0.9066
10-10-2019,GBP,0.8174
11-10-2019,USD,1
11-10-2019,CAD,1.3293
11-10-2019,AUD,1.4712
11-10-2019,EUR,0.9056
11-10-2019,GBP,0.7925
12-10-2019,USD,1
12-10-2019,CAD,1.3293
12-10-2019,AUD,1.4712
12-10-2019,EUR,0.9056
12-10-2019,GBP,0.7925
13-10-2019,USD,1
13-10-2019,CAD,1.3293
13-10-2019,AUD,1.4712
13-10-2019,EUR,0.9056
13-10-2019,GBP,0.7925
14-10-2019,USD,1
14-10-2019,CAD,1.3214
14-10-2019,AUD,1.4799
14-10-2019,EUR,0.9065
14-10-2019,GBP,0.7976
15-10-2019,USD,1
15-10-2019,CAD,1.323
15-10-2019,AUD,1.4802
15-10-2019,EUR,0.9085
15-10-2019,GBP,0.7909
16-10-2019,USD,1
16-10-2019,CAD,1.3209
16-10-2019,AUD,1.487
16-10-2019,EUR,0.907
16-10-2019,GBP,0.7851
17-10-2019,USD,1
17-10-2019,CAD,1.3177
17-10-2019,AUD,1.4662
17-10-2019,EUR,0.8998
17-10-2019,GBP,0.7814
18-10-2019,USD,1
18-10-2019,CAD,1.3136
18-10-2019,AUD,1.4607
18-10-2019,EUR,0.8973
18-10-2019,GBP,0.7756
19-10-2019,USD,1
19-10-2019,CAD,1.3136
19-10-2019,AUD,1.4607
19-10-2019,EUR,0.8973
19-10-2019,GBP,0.7756
20-10-2019,USD,1
20-10-2019,CAD,1.3136
20-10-2019,AUD,1.4607
20-10-2019,EUR,0.8973
20-10-2019,GBP,0.7756
21-10-2019,USD,1
21-10-2019,CAD,1.3106
21-10-2019,AUD,1.4535
21-10-2019,EUR,0.895
21-10-2019,GBP,0.7691
22-10-2019,USD,1
22-10-2019,CAD,1.3101
22-10-2019,AUD,1.4588
22-10-2019,EUR,0.8985
22-10-2019,GBP,0.7733
23-10-2019,USD,1
23-10-2019,CAD,1.3088
23-10-2019,AUD,1.4611
23-10-2019,EUR,0.899
23-10-2019,GBP,0.7768
24-10-2019,USD,1
24-10-2019,CAD,1.3071
24-10-2019,AUD,1.4623
24-10-2019,EUR,0.8986
24-10-2019,GBP,0.7754
25-10-2019,USD,1
25-10-2019,CAD,1.3065
25-10-2019,AUD,1.4648
25-10-2019,EUR,0.9003
25-10-2019,GBP,0.7797
26-10-2019,USD,1
26-10-2019,CAD,1.3065
26-10-2019,AUD,1.4648
26-10-2019,EUR,0.9003
26-10-2019,GBP,0.7797
27-10-2019,USD,1
27-10-2019,CAD,1.3065
27-10-2019,AUD,1.4648
27-10-2019,EUR,0.9003
27-10-2019,GBP,0.7797
28-10-2019,USD,1
28-10-2019,CAD,1.3067
28-10-2019,AUD,1.4652
28-10-2019,EUR,0.902
28-10-2019,GBP,0.7786
29-10-2019,USD,1
29-10-2019,CAD,1.3056
29-10-2019,AUD,1.4589
29-10-2019,EUR,0.9013
29-10-2019,GBP,0.7781
30-10-2019,USD,1
30-10-2019,CAD,1.3087
30-10-2019,AUD,1.4586
30-10-2019,EUR,0.9004
30-10-2019,GBP,0.7762
31-10-2019,USD,1
31-10-2019,CAD,1.3155
31-10-2019,AUD,1.4467
31-10-2019,EUR,0.8965
31-10-2019,GBP,0.7722
01-11-2019,USD,1
01-11-2019,CAD,1.3181
01-11-2019,AUD,1.45
01-11-2019,EUR,0.8977
01-11-2019,GBP,0.7721
02-11-2019,USD,1
02-11-2019,CAD,1.3181
02-11-2019,AUD,1.45
02-11-2019,EUR,0.8977
02-11-2019,GBP,0.7721
03-11-2019,USD,1
03-11-2019,CAD,1.3181
03-11-2019,AUD,1.45
03-11-2019,EUR,0.8977
03-11-2019,GBP,0.7721
04-11-2019,USD,1
04-11-2019,CAD,1.3156
04-11-2019,AUD,1.4481
04-11-2019,EUR,0.8962
04-11-2019,GBP,0.774
05-11-2019,USD,1
05-11-2019,CAD,1.3128
05-11-2019,AUD,1.4474
05-11-2019,EUR,0.9002
05-11-2019,GBP,0.7752
06-11-2019,USD,1
06-11-2019,CAD,1.3164
06-11-2019,AUD,1.4491
06-11-2019,EUR,0.9017
06-11-2019,GBP,0.7758
07-11-2019,USD,1
07-11-2019,CAD,1.3167
07-11-2019,AUD,1.4498
07-11-2019,EUR,0.9028
07-11-2019,GBP,0.7804
08-11-2019,USD,1
08-11-2019,CAD,1.3196
08-11-2019,AUD,1.456
08-11-2019,EUR,0.9063
08-11-2019,GBP,0.7808
09-11-2019,USD,1
09-11-2019,CAD,1.3196
09-11-2019,AUD,1.456
09-11-2019,EUR,0.9063
09-11-2019,GBP,0.7808
10-11-2019,USD,1
10-11-2019,CAD,1.3196
10-11-2019,AUD,1.456
10-11-2019,EUR,0.9063
10-11-2019,GBP,0.7808
11-11-2019,USD,1
11-11-2019,CAD,1.323
11-11-2019,AUD,1.4587
11-11-2019,EUR,0.9057
11-11-2019,GBP,0.7766
12-11-2019,USD,1
12-11-2019,CAD,1.3244
12-11-2019,AUD,1.4605
12-11-2019,EUR,0.9079
12-11-2019,GBP,0.7791
13-11-2019,USD,1
13-11-2019,CAD,1.3258
13-11-2019,AUD,1.4653
13-11-2019,EUR,0.9086
13-11-2019,GBP,0.7792
14-11-2019,USD,1
14-11-2019,CAD,1.3265
14-11-2019,AUD,1.4743
14-11-2019,EUR,0.9093
14-11-2019,GBP,0.7788
15-11-2019,USD,1
15-11-2019,CAD,1.3239
15-11-2019,AUD,1.4701
15-11-2019,EUR,0.9063
15-11-2019,GBP,0.7763
16-11-2019,USD,1
16-11-2019,CAD,1.3239
16-11-2019,AUD,1.4701
16-11-2019,EUR,0.9063
16-11-2019,GBP,0.7763
17-11-2019,USD,1
17-11-2019,CAD,1.3239
17-11-2019,AUD,1.4701
17-11-2019,EUR,0.9063
17-11-2019,GBP,0.7763
18-11-2019,USD,1
18-11-2019,CAD,1.3219
18-11-2019,AUD,1.4684
18-11-2019,EUR,0.9041
18-11-2019,GBP,0.7714
19-11-2019,USD,1
19-11-2019,CAD,1.321
19-11-2019,AUD,1.4656
19-11-2019,EUR,0.9028
19-11-2019,GBP,0.7725
20-11-2019,USD,1
20-11-2019,CAD,1.3302
20-11-2019,AUD,1.4673
20-11-2019,EUR,0.9042
20-11-2019,GBP,0.7751
21-11-2019,USD,1
21-11-2019,CAD,1.3307
21-11-2019,AUD,1.468
21-11-2019,EUR,0.9016
21-11-2019,GBP,0.7713
22-11-2019,USD,1
22-11-2019,CAD,1.3275
22-11-2019,AUD,1.4729
22-11-2019,EUR,0.9043
22-11-2019,GBP,0.7775
23-11-2019,USD,1
23-11-2019,CAD,1.3275
23-11-2019,AUD,1.4729
23-11-2019,EUR,0.9043
23-11-2019,GBP,0.7775
24-11-2019,USD,1
24-11-2019,CAD,1.3275
24-11-2019,AUD,1.4729
24-11-2019,EUR,0.9043
24-11-2019,GBP,0.7775
25-11-2019,USD,1
25-11-2019,CAD,1.3307
25-11-2019,AUD,1.4746
25-11-2019,EUR,0.9084
25-11-2019,GBP,0.7768
26-11-2019,USD,1
26-11-2019,CAD,1.3306
26-11-2019,AUD,1.4747
26-11-2019,EUR,0.9074
26-11-2019,GBP,0.7778
27-11-2019,USD,1
27-11-2019,CAD,1.3266
27-11-2019,AUD,1.4733
27-11-2019,EUR,0.9083
27-11-2019,GBP,0.7762
28-11-2019,USD,1
28-11-2019,CAD,1.3289
28-11-2019,AUD,1.4769
28-11-2019,EUR,0.9087
28-11-2019,GBP,0.774
29-11-2019,USD,1
29-11-2019,CAD,1.3307
29-11-2019,AUD,1.4777
29-11-2019,EUR,0.9106
29-11-2019,GBP,0.776
30-11-2019,USD,1
30-11-2019,CAD,1.3307
30-11-2019,AUD,1.4777
30-11-2019,EUR,0.9106
30-11-2019,GBP,0.776
01-12-2019,USD,1
01-12-2019,CAD,1.3307
01-12-2019,AUD,1.4777
01-12-2019,EUR,0.9106
01-12-2019,GBP,0.776
02-12-2019,USD,1
02-12-2019,CAD,1.3296
02-12-2019,AUD,1.4733
02-12-2019,EUR,0.9072
02-12-2019,GBP,0.7731
03-12-2019,USD,1
03-12-2019,CAD,1.332
03-12-2019,AUD,1.462
03-12-2019,EUR,0.9033
03-12-2019,GBP,0.7696
04-12-2019,USD,1
04-12-2019,CAD,1.3272
04-12-2019,AUD,1.4622
04-12-2019,EUR,0.9024
04-12-2019,GBP,0.7636
05-12-2019,USD,1
05-12-2019,CAD,1.3169
05-12-2019,AUD,1.4648
05-12-2019,EUR,0.9014
05-12-2019,GBP,0.7614
06-12-2019,USD,1
06-12-2019,CAD,1.3176
06-12-2019,AUD,1.4593
06-12-2019,EUR,0.9014
06-12-2019,GBP,0.7612
07-12-2019,USD,1
07-12-2019,CAD,1.3176
07-12-2019,AUD,1.4593
07-12-2019,EUR,0.9014
07-12-2019,GBP,0.7612
08-12-2019,USD,1
08-12-2019,CAD,1.3176
08-12-2019,AUD,1.4593
08-12-2019,EUR,0.9014
08-12-2019,GBP,0.7612
09-12-2019,USD,1
09-12-2019,CAD,1.3251
09-12-2019,AUD,1.4653
09-12-2019,EUR,0.9029
09-12-2019,GBP,0.7602
10-12-2019,USD,1
10-12-2019,CAD,1.324
10-12-2019,AUD,1.4693
10-12-2019,EUR,0.9028
10-12-2019,GBP,0.759
11-12-2019,USD,1
11-12-2019,CAD,1.3238
11-12-2019,AUD,1.4622
11-12-2019,EUR,0.9029
11-12-2019,GBP,0.7607
12-12-2019,USD,1
12-12-2019,CAD,1.3178
12-12-2019,AUD,1.4515
12-12-2019,EUR,0.8979
12-12-2019,GBP,0.7593
13-12-2019,USD,1
13-12-2019,CAD,1.3166
13-12-2019,AUD,1.4461
13-12-2019,EUR,0.8949
13-12-2019,GBP,0.7473
14-12-2019,USD,1
14-12-2019,CAD,1.3166
14-12-2019,AUD,1.4461
14-12-2019,EUR,0.8949
14-12-2019,GBP,0.7473
15-12-2019,USD,1
15-12-2019,CAD,1.3166
15-12-2019,AUD,1.4461
15-12-2019,EUR,0.8949
15-12-2019,GBP,0.7473
16-12-2019,USD,1
16-12-2019,CAD,1.3118
16-12-2019,AUD,1.4514
16-12-2019,EUR,0.8972
16-12-2019,GBP,0.7484
17-12-2019,USD,1
17-12-2019,CAD,1.3161
17-12-2019,AUD,1.4598
17-12-2019,EUR,0.8959
17-12-2019,GBP,0.7593
18-12-2019,USD,1
18-12-2019,CAD,1.3157
18-12-2019,AUD,1.4599
18-12-2019,EUR,0.8997
18-12-2019,GBP,0.7652
19-12-2019,USD,1
19-12-2019,CAD,1.3122
19-12-2019,AUD,1.4561
19-12-2019,EUR,0.8995
19-12-2019,GBP,0.7653
20-12-2019,USD,1
20-12-2019,CAD,1.3138
20-12-2019,AUD,1.4498
20-12-2019,EUR,0.9011
20-12-2019,GBP,0.7672
21-12-2019,USD,1
21-12-2019,CAD,1.3138
21-12-2019,AUD,1.4498
21-12-2019,EUR,0.9011
21-12-2019,GBP,0.7672
22-12-2019,USD,1
22-12-2019,CAD,1.3138
22-12-2019,AUD,1.4498
22-12-2019,EUR,0.9011
22-12-2019,GBP,0.7672
23-12-2019,USD,1
23-12-2019,CAD,1.3162
23-12-2019,AUD,1.4454
23-12-2019,EUR,0.9029
23-12-2019,GBP,0.7739
24-12-2019,USD,1
24-12-2019,CAD,1.3161
24-12-2019,AUD,1.4458
24-12-2019,EUR,0.9025
24-12-2019,GBP,0.772
25-12-2019,USD,1
25-12-2019,CAD,1.3161
25-12-2019,AUD,1.4458
25-12-2019,EUR,0.9025
25-12-2019,GBP,0.772
26-12-2019,USD,1
26-12-2019,CAD,1.3161
26-12-2019,AUD,1.4458
26-12-2019,EUR,0.9025
26-12-2019,GBP,0.772
27-12-2019,USD,1
27-12-2019,CAD,1.3083
27-12-2019,AUD,1.4342
27-12-2019,EUR,0.8966
27-12-2019,GBP,0.7633
28-12-2019,USD,1
28-12-2019,CAD,1.3083
28-12-2019,AUD,1.4342
28-12-2019,EUR,0.8966
28-12-2019,GBP,0.7633
29-12-2019,USD,1
29-12-2019,CAD,1.3083
29-12-2019,AUD,1.4342
29-12-2019,EUR,0.8966
29-12-2019,GBP,0.7633
30-12-2019,USD,1
30-12-2019,CAD,1.3067
30-12-2019,AUD,1.4293
30-12-2019,EUR,0.8937
30-12-2019,GBP,0.7615
31-12-2019,USD,1
31-12-2019,CAD,1.2994
31-12-2019,AUD,1.4238
31-12-2019,EUR,0.8902
31-12-2019,GBP,0.7573
01-01-2020,USD,1
01-01-2020,CAD,1.2994
01-01-2020,AUD,1.4238
01-01-2020,EUR,0.8902
01-01-2020,GBP,0.7573
02-01-2020,USD,1
02-01-2020,CAD,1.2998
02-01-2020,AUD,1.43
02-01-2020,EUR,0.8934
02-01-2020,GBP,0.7579
03-01-2020,USD,1
03-01-2020,CAD,1.2982
03-01-2020,AUD,1.4381
03-01-2020,EUR,0.8971
03-01-2020,GBP,0.7636
04-01-2020,USD,1
04-01-2020,CAD,1.2982
04-01-2020,AUD,1.4381
04-01-2020,EUR,0.8971
04-01-2020,GBP,0.7636
05-01-2020,USD,1
05-01-2020,CAD,1.2982
05-01-2020,AUD,1.4381
05-01-2020,EUR,0.8971
05-01-2020,GBP,0.7636
06-01-2020,USD,1
06-01-2020,CAD,1.2976
06-01-2020,AUD,1.44
06-01-2020,EUR,0.8933
06-01-2020,GBP,0.7613
07-01-2020,USD,1
07-01-2020,CAD,1.2997
07-01-2020,AUD,1.4546
07-01-2020,EUR,0.8951
07-01-2020,GBP,0.7625
08-01-2020,USD,1
08-01-2020,CAD,1.3018
08-01-2020,AUD,1.457
08-01-2020,EUR,0.8997
08-01-2020,GBP,0.7635
09-01-2020,USD,1
09-01-2020,CAD,1.3056
09-01-2020,AUD,1.4575
09-01-2020,EUR,0.9001
09-01-2020,GBP,0.7676
10-01-2020,USD,1
10-01-2020,CAD,1.3072
10-01-2020,AUD,1.4545
10-01-2020,EUR,0.9016
10-01-2020,GBP,0.7647
11-01-2020,USD,1
11-01-2020,CAD,1.3072
11-01-2020,AUD,1.4545
11-01-2020,EUR,0.9016
11-01-2020,GBP,0.7647
12-01-2020,USD,1
12-01-2020,CAD,1.3072
12-01-2020,AUD,1.4545
12-01-2020,EUR,0.9016
12-01-2020,GBP,0.7647
13-01-2020,USD,1
13-01-2020,CAD,1.3045
13-01-2020,AUD,1.4486
13-01-2020,EUR,0.8988
13-01-2020,GBP,0.7708
14-01-2020,USD,1
14-01-2020,CAD,1.3071
14-01-2020,AUD,1.4494
14-01-2020,EUR,0.8997
14-01-2020,GBP,0.7703
15-01-2020,USD,1
15-01-2020,CAD,1.3072
15-01-2020,AUD,1.4529
15-01-2020,EUR,0.8975
15-01-2020,GBP,0.769
16-01-2020,USD,1
16-01-2020,CAD,1.3035
16-01-2020,AUD,1.4428
16-01-2020,EUR,0.8953
16-01-2020,GBP,0.7652
17-01-2020,USD,1
17-01-2020,CAD,1.3052
17-01-2020,AUD,1.4514
17-01-2020,EUR,0.9003
17-01-2020,GBP,0.7662
18-01-2020,USD,1
18-01-2020,CAD,1.3052
18-01-2020,AUD,1.4514
18-01-2020,EUR,0.9003
18-01-2020,GBP,0.7662
19-01-2020,USD,1
19-01-2020,CAD,1.3052
19-01-2020,AUD,1.4514
19-01-2020,EUR,0.9003
19-01-2020,GBP,0.7662
20-01-2020,USD,1
20-01-2020,CAD,1.3069
20-01-2020,AUD,1.4573
20-01-2020,EUR,0.9021
20-01-2020,GBP,0.7693
21-01-2020,USD,1
21-01-2020,CAD,1.3056
21-01-2020,AUD,1.4554
21-01-2020,EUR,0.8997
21-01-2020,GBP,0.765
22-01-2020,USD,1
22-01-2020,CAD,1.3046
22-01-2020,AUD,1.4596
22-01-2020,EUR,0.9019
22-01-2020,GBP,0.7616
23-01-2020,USD,1
23-01-2020,CAD,1.3163
23-01-2020,AUD,1.456
23-01-2020,EUR,0.9016
23-01-2020,GBP,0.7619
24-01-2020,USD,1
24-01-2020,CAD,1.3132
24-01-2020,AUD,1.4614
24-01-2020,EUR,0.9062
24-01-2020,GBP,0.7641
25-01-2020,USD,1
25-01-2020,CAD,1.3132
25-01-2020,AUD,1.4614
25-01-2020,EUR,0.9062
25-01-2020,GBP,0.7641
26-01-2020,USD,1
26-01-2020,CAD,1.3132
26-01-2020,AUD,1.4614
26-01-2020,EUR,0.9062
26-01-2020,GBP,0.7641
27-01-2020,USD,1
27-01-2020,CAD,1.3187
27-01-2020,AUD,1.4776
27-01-2020,EUR,0.907
27-01-2020,GBP,0.7652
28-01-2020,USD,1
28-01-2020,CAD,1.319
28-01-2020,AUD,1.4802
28-01-2020,EUR,0.9087
28-01-2020,GBP,0.7688
29-01-2020,USD,1
29-01-2020,CAD,1.3177
29-01-2020,AUD,1.4816
29-01-2020,EUR,0.909
29-01-2020,GBP,0.7688
30-01-2020,USD,1
30-01-2020,CAD,1.3217
30-01-2020,AUD,1.4881
30-01-2020,EUR,0.9067
30-01-2020,GBP,0.7633
31-01-2020,USD,1
31-01-2020,CAD,1.3235
31-01-2020,AUD,1.4924
31-01-2020,EUR,0.9048
31-01-2020,GBP,0.7616
01-02-2020,USD,1
01-02-2020,CAD,1.3235
01-02-2020,AUD,1.4924
01-02-2020,EUR,0.9048
01-02-2020,GBP,0.7616
02-02-2020,USD,1
02-02-2020,CAD,1.3235
02-02-2020,AUD,1.4924
02-02-2020,EUR,0.9048
02-02-2020,GBP,0.7616
03-02-2020,USD,1
03-02-2020,CAD,1.3236
03-02-2020,AUD,1.493
03-02-2020,EUR,0.9037
03-02-2020,GBP,0.7661
04-02-2020,USD,1
04-02-2020,CAD,1.3279
04-02-2020,AUD,1.488
04-02-2020,EUR,0.9051
04-02-2020,GBP,0.7683
05-02-2020,USD,1
05-02-2020,CAD,1.3285
05-02-2020,AUD,1.4786
05-02-2020,EUR,0.9072
05-02-2020,GBP,0.7661
06-02-2020,USD,1
06-02-2020,CAD,1.3278
06-02-2020,AUD,1.4798
06-02-2020,EUR,0.9088
06-02-2020,GBP,0.771
07-02-2020,USD,1
07-02-2020,CAD,1.3314
07-02-2020,AUD,1.4967
07-02-2020,EUR,0.9117
07-02-2020,GBP,0.7724
08-02-2020,USD,1
08-02-2020,CAD,1.3314
08-02-2020,AUD,1.4967
08-02-2020,EUR,0.9117
08-02-2020,GBP,0.7724
09-02-2020,USD,1
09-02-2020,CAD,1.3314
09-02-2020,AUD,1.4967
09-02-2020,EUR,0.9117
09-02-2020,GBP,0.7724
10-02-2020,USD,1
10-02-2020,CAD,1.3314
10-02-2020,AUD,1.4951
10-02-2020,EUR,0.9132
10-02-2020,GBP,0.7728
11-02-2020,USD,1
11-02-2020,CAD,1.3297
11-02-2020,AUD,1.4916
11-02-2020,EUR,0.9173
11-02-2020,GBP,0.7736
12-02-2020,USD,1
12-02-2020,CAD,1.3256
12-02-2020,AUD,1.482
12-02-2020,EUR,0.9163
12-02-2020,GBP,0.7702
13-02-2020,USD,1
13-02-2020,CAD,1.3257
13-02-2020,AUD,1.485
13-02-2020,EUR,0.9202
13-02-2020,GBP,0.7672
14-02-2020,USD,1
14-02-2020,CAD,1.3248
14-02-2020,AUD,1.4897
14-02-2020,EUR,0.9223
14-02-2020,GBP,0.7675
15-02-2020,USD,1
15-02-2020,CAD,1.3248
15-02-2020,AUD,1.4897
15-02-2020,EUR,0.9223
15-02-2020,GBP,0.7675
16-02-2020,USD,1
16-02-2020,CAD,1.3248
16-02-2020,AUD,1.4897
16-02-2020,EUR,0.9223
16-02-2020,GBP,0.7675
17-02-2020,USD,1
17-02-2020,CAD,1.3229
17-02-2020,AUD,1.4886
17-02-2020,EUR,0.9229
17-02-2020,GBP,0.7682
18-02-2020,USD,1
18-02-2020,CAD,1.3263
18-02-2020,AUD,1.4973
18-02-2020,EUR,0.9246
18-02-2020,GBP,0.7672
19-02-2020,USD,1
19-02-2020,CAD,1.3223
19-02-2020,AUD,1.4946
19-02-2020,EUR,0.9259
19-02-2020,GBP,0.7699
20-02-2020,USD,1
20-02-2020,CAD,1.3257
20-02-2020,AUD,1.5101
20-02-2020,EUR,0.9268
20-02-2020,GBP,0.777
21-02-2020,USD,1
21-02-2020,CAD,1.3258
21-02-2020,AUD,1.515
21-02-2020,EUR,0.9258
21-02-2020,GBP,0.7732
22-02-2020,USD,1
22-02-2020,CAD,1.3258
22-02-2020,AUD,1.515
22-02-2020,EUR,0.9258
22-02-2020,GBP,0.7732
23-02-2020,USD,1
23-02-2020,CAD,1.3258
23-02-2020,AUD,1.515
23-02-2020,EUR,0.9258
23-02-2020,GBP,0.7732
24-02-2020,USD,1
24-02-2020,CAD,1.3285
24-02-2020,AUD,1.5145
24-02-2020,EUR,0.9244
24-02-2020,GBP,0.7749
25-02-2020,USD,1
25-02-2020,CAD,1.3287
25-02-2020,AUD,1.5168
25-02-2020,EUR,0.9225
25-02-2020,GBP,0.7715
26-02-2020,USD,1
26-02-2020,CAD,1.3305
26-02-2020,AUD,1.5232
26-02-2020,EUR,0.9195
26-02-2020,GBP,0.7738
27-02-2020,USD,1
27-02-2020,CAD,1.3349
27-02-2020,AUD,1.5206
27-02-2020,EUR,0.9121
27-02-2020,GBP,0.7752
28-02-2020,USD,1
28-02-2020,CAD,1.3444
28-02-2020,AUD,1.5373
28-02-2020,EUR,0.911
28-02-2020,GBP,0.7772
29-02-2020,USD,1
29-02-2020,CAD,1.3444
29-02-2020,AUD,1.5373
29-02-2020,EUR,0.911
29-02-2020,GBP,0.7772
01-03-2020,USD,1
01-03-2020,CAD,1.3444
01-03-2020,AUD,1.5373
01-03-2020,EUR,0.911
01-03-2020,GBP,0.7772
02-03-2020,USD,1
02-03-2020,CAD,1.3358
02-03-2020,AUD,1.5283
02-03-2020,EUR,0.8991
02-03-2020,GBP,0.7832
03-03-2020,USD,1
03-03-2020,CAD,1.3364
03-03-2020,AUD,1.5212
03-03-2020,EUR,0.8995
03-03-2020,GBP,0.7827
04-03-2020,USD,1
04-03-2020,CAD,1.3359
04-03-2020,AUD,1.5096
04-03-2020,EUR,0.8989
04-03-2020,GBP,0.7807
05-03-2020,USD,1
05-03-2020,CAD,1.3427
05-03-2020,AUD,1.5122
05-03-2020,EUR,0.8939
05-03-2020,GBP,0.7747
06-03-2020,USD,1
06-03-2020,CAD,1.342
06-03-2020,AUD,1.5087
06-03-2020,EUR,0.8821
06-03-2020,GBP,0.7689
07-03-2020,USD,1
07-03-2020,CAD,1.342
07-03-2020,AUD,1.5087
07-03-2020,EUR,0.8821
07-03-2020,GBP,0.7689
08-03-2020,USD,1
08-03-2020,CAD,1.342
08-03-2020,AUD,1.5087
08-03-2020,EUR,0.8821
08-03-2020,GBP,0.7689
09-03-2020,USD,1
09-03-2020,CAD,1.3629
09-03-2020,AUD,1.5127
09-03-2020,EUR,0.8729
09-03-2020,GBP,0.7628
10-03-2020,USD,1
10-03-2020,CAD,1.3678
10-03-2020,AUD,1.5256
10-03-2020,EUR,0.878
10-03-2020,GBP,0.7672
11-03-2020,USD,1
11-03-2020,CAD,1.3743
11-03-2020,AUD,1.534
11-03-2020,EUR,0.8821
11-03-2020,GBP,0.7736
12-03-2020,USD,1
12-03-2020,CAD,1.3811
12-03-2020,AUD,1.5724
12-03-2020,EUR,0.8897
12-03-2020,GBP,0.7885
13-03-2020,USD,1
13-03-2020,CAD,1.3859
13-03-2020,AUD,1.5926
13-03-2020,EUR,0.9006
13-03-2020,GBP,0.8021
14-03-2020,USD,1
14-03-2020,CAD,1.3859
14-03-2020,AUD,1.5926
14-03-2020,EUR,0.9006
14-03-2020,GBP,0.8021
15-03-2020,USD,1
15-03-2020,CAD,1.3859
15-03-2020,AUD,1.5926
15-03-2020,EUR,0.9006
15-03-2020,GBP,0.8021
16-03-2020,USD,1
16-03-2020,CAD,1.3928
16-03-2020,AUD,1.6311
16-03-2020,EUR,0.8963
16-03-2020,GBP,0.8149
17-03-2020,USD,1
17-03-2020,CAD,1.4125
17-03-2020,AUD,1.6652
17-03-2020,EUR,0.9106
17-03-2020,GBP,0.827
18-03-2020,USD,1
18-03-2020,CAD,1.4404
18-03-2020,AUD,1.6982
18-03-2020,EUR,0.9146
18-03-2020,GBP,0.8431
19-03-2020,USD,1
19-03-2020,CAD,1.4464
19-03-2020,AUD,1.7253
19-03-2020,EUR,0.9258
19-03-2020,GBP,0.8609
20-03-2020,USD,1
20-03-2020,CAD,1.425
20-03-2020,AUD,1.7023
20-03-2020,EUR,0.934
20-03-2020,GBP,0.8502
21-03-2020,USD,1
21-03-2020,CAD,1.425
21-03-2020,AUD,1.7023
21-03-2020,EUR,0.934
21-03-2020,GBP,0.8502
22-03-2020,USD,1
22-03-2020,CAD,1.425
22-03-2020,AUD,1.7023
22-03-2020,EUR,0.934
22-03-2020,GBP,0.8502
23-03-2020,USD,1
23-03-2020,CAD,1.4384
23-03-2020,AUD,1.7236
23-03-2020,EUR,0.9274
23-03-2020,GBP,0.8622
24-03-2020,USD,1
24-03-2020,CAD,1.4494
24-03-2020,AUD,1.6891
24-03-2020,EUR,0.9223
24-03-2020,GBP,0.8494
25-03-2020,USD,1
25-03-2020,CAD,1.4352
25-03-2020,AUD,1.6619
25-03-2020,EUR,0.9236
25-03-2020,GBP,0.8451
26-03-2020,USD,1
26-03-2020,CAD,1.4084
26-03-2020,AUD,1.6539
26-03-2020,EUR,0.9107
26-03-2020,GBP,0.8319
27-03-2020,USD,1
27-03-2020,CAD,1.414
27-03-2020,AUD,1.6588
27-03-2020,EUR,0.911
27-03-2020,GBP,0.8176
28-03-2020,USD,1
28-03-2020,CAD,1.414
28-03-2020,AUD,1.6588
28-03-2020,EUR,0.911
28-03-2020,GBP,0.8176
29-03-2020,USD,1
29-03-2020,CAD,1.414
29-03-2020,AUD,1.6588
29-03-2020,EUR,0.911
29-03-2020,GBP,0.8176
30-03-2020,USD,1
30-03-2020,CAD,1.4162
30-03-2020,AUD,1.6332
30-03-2020,EUR,0.9063
30-03-2020,GBP,0.8057
31-03-2020,USD,1
31-03-2020,CAD,1.4254
31-03-2020,AUD,1.6399
31-03-2020,EUR,0.9127
31-03-2020,GBP,0.8091
01-04-2020,USD,1
01-04-2020,CAD,1.4266
01-04-2020,AUD,1.6508
01-04-2020,EUR,0.9144
01-04-2020,GBP,0.8089
02-04-2020,USD,1
02-04-2020,CAD,1.4167
02-04-2020,AUD,1.6477
02-04-2020,EUR,0.9169
02-04-2020,GBP,0.8045
03-04-2020,USD,1
03-04-2020,CAD,1.4185
03-04-2020,AUD,1.6694
03-04-2020,EUR,0.9272
03-04-2020,GBP,0.8146
04-04-2020,USD,1
04-04-2020,CAD,1.4185
04-04-2020,AUD,1.6694
04-04-2020,EUR,0.9272
04-04-2020,GBP,0.8146
05-04-2020,USD,1
05-04-2020,CAD,1.4185
05-04-2020,AUD,1.6694
05-04-2020,EUR,0.9272
05-04-2020,GBP,0.8146
06-04-2020,USD,1
06-04-2020,CAD,1.416
06-04-2020,AUD,1.6486
06-04-2020,EUR,0.9267
06-04-2020,GBP,0.8136
07-04-2020,USD,1
07-04-2020,CAD,1.4018
07-04-2020,AUD,1.6149
07-04-2020,EUR,0.9187
07-04-2020,GBP,0.8093
08-04-2020,USD,1
08-04-2020,CAD,1.4013
08-04-2020,AUD,1.6186
08-04-2020,EUR,0.9199
08-04-2020,GBP,0.809
09-04-2020,USD,1
09-04-2020,CAD,1.4047
09-04-2020,AUD,1.6052
09-04-2020,EUR,0.9202
09-04-2020,GBP,0.8058
10-04-2020,USD,1
10-04-2020,CAD,1.4047
10-04-2020,AUD,1.6052
10-04-2020,EUR,0.9202
10-04-2020,GBP,0.8058
11-04-2020,USD,1
11-04-2020,CAD,1.4047
11-04-2020,AUD,1.6052
11-04-2020,EUR,0.9202
11-04-2020,GBP,0.8058
12-04-2020,USD,1
12-04-2020,CAD,1.4047
12-04-2020,AUD,1.6052
12-04-2020,EUR,0.9202
12-04-2020,GBP,0.8058
13-04-2020,USD,1
13-04-2020,CAD,1.4047
13-04-2020,AUD,1.6052
13-04-2020,EUR,0.9202
13-04-2020,GBP,0.8058
14-04-2020,USD,1
14-04-2020,CAD,1.3917
14-04-2020,AUD,1.5633
14-04-2020,EUR,0.9122
14-04-2020,GBP,0.7959
15-04-2020,USD,1
15-04-2020,CAD,1.406
15-04-2020,AUD,1.5866
15-04-2020,EUR,0.9172
15-04-2020,GBP,0.8015
16-04-2020,USD,1
16-04-2020,CAD,1.4106
16-04-2020,AUD,1.5858
16-04-2020,EUR,0.9184
16-04-2020,GBP,0.8005
17-04-2020,USD,1
17-04-2020,CAD,1.407
17-04-2020,AUD,1.5735
17-04-2020,EUR,0.9208
17-04-2020,GBP,0.8009
18-04-2020,USD,1
18-04-2020,CAD,1.407
18-04-2020,AUD,1.5735
18-04-2020,EUR,0.9208
18-04-2020,GBP,0.8009
19-04-2020,USD,1
19-04-2020,CAD,1.407
19-04-2020,AUD,1.5735
19-04-2020,EUR,0.9208
19-04-2020,GBP,0.8009
20-04-2020,USD,1
20-04-2020,CAD,1.4111
20-04-2020,AUD,1.5732
20-04-2020,EUR,0.9208
20-04-2020,GBP,0.8043
21-04-2020,USD,1
21-04-2020,CAD,1.4204
21-04-2020,AUD,1.5932
21-04-2020,EUR,0.9228
21-04-2020,GBP,0.8131
22-04-2020,USD,1
22-04-2020,CAD,1.4148
22-04-2020,AUD,1.5827
22-04-2020,EUR,0.9202
22-04-2020,GBP,0.8091
23-04-2020,USD,1
23-04-2020,CAD,1.4135
23-04-2020,AUD,1.5706
23-04-2020,EUR,0.9283
23-04-2020,GBP,0.8095
24-04-2020,USD,1
24-04-2020,CAD,1.4049
24-04-2020,AUD,1.5688
24-04-2020,EUR,0.9259
24-04-2020,GBP,0.8102
25-04-2020,USD,1
25-04-2020,CAD,1.4049
25-04-2020,AUD,1.5688
25-04-2020,EUR,0.9259
25-04-2020,GBP,0.8102
26-04-2020,USD,1
26-04-2020,CAD,1.4049
26-04-2020,AUD,1.5688
26-04-2020,EUR,0.9259
26-04-2020,GBP,0.8102
27-04-2020,USD,1
27-04-2020,CAD,1.4057
27-04-2020,AUD,1.5476
27-04-2020,EUR,0.9215
27-04-2020,GBP,0.8041
28-04-2020,USD,1
28-04-2020,CAD,1.3955
28-04-2020,AUD,1.5385
28-04-2020,EUR,0.9194
28-04-2020,GBP,0.8006
29-04-2020,USD,1
29-04-2020,CAD,1.3954
29-04-2020,AUD,1.5362
29-04-2020,EUR,0.9223
29-04-2020,GBP,0.8059
30-04-2020,USD,1
30-04-2020,CAD,1.3863
30-04-2020,AUD,1.5261
30-04-2020,EUR,0.9195
30-04-2020,GBP,0.7991
01-05-2020,USD,1
01-05-2020,CAD,1.3863
01-05-2020,AUD,1.5261
01-05-2020,EUR,0.9195
01-05-2020,GBP,0.7991
02-05-2020,USD,1
02-05-2020,CAD,1.3863
02-05-2020,AUD,1.5261
02-05-2020,EUR,0.9195
02-05-2020,GBP,0.7991
03-05-2020,USD,1
03-05-2020,CAD,1.3863
03-05-2020,AUD,1.5261
03-05-2020,EUR,0.9195
03-05-2020,GBP,0.7991
04-05-2020,USD,1
04-05-2020,CAD,1.4065
04-05-2020,AUD,1.5557
04-05-2020,EUR,0.9139
04-05-2020,GBP,0.8033
05-05-2020,USD,1
05-05-2020,CAD,1.4019
05-05-2020,AUD,1.5517
05-05-2020,EUR,0.9223
05-05-2020,GBP,0.8029
06-05-2020,USD,1
06-05-2020,CAD,1.4088
06-05-2020,AUD,1.5773
06-05-2020,EUR,0.9253
06-05-2020,GBP,0.8074
07-05-2020,USD,1
07-05-2020,CAD,1.4075
07-05-2020,AUD,1.5491
07-05-2020,EUR,0.9274
07-05-2020,GBP,0.8113
08-05-2020,USD,1
08-05-2020,CAD,1.3943
08-05-2020,AUD,1.5321
08-05-2020,EUR,0.9223
08-05-2020,GBP,0.8073
09-05-2020,USD,1
09-05-2020,CAD,1.3943
09-05-2020,AUD,1.5321
09-05-2020,EUR,0.9223
09-05-2020,GBP,0.8073
10-05-2020,USD,1
10-05-2020,CAD,1.3943
10-05-2020,AUD,1.5321
10-05-2020,EUR,0.9223
10-05-2020,GBP,0.8073
11-05-2020,USD,1
11-05-2020,CAD,1.3984
11-05-2020,AUD,1.5437
11-05-2020,EUR,0.9239
11-05-2020,GBP,0.8119
12-05-2020,USD,1
12-05-2020,CAD,1.3979
12-05-2020,AUD,1.5311
12-05-2020,EUR,0.921
12-05-2020,GBP,0.8084
13-05-2020,USD,1
13-05-2020,CAD,1.4017
13-05-2020,AUD,1.5344
13-05-2020,EUR,0.9195
13-05-2020,GBP,0.8114
14-05-2020,USD,1
14-05-2020,CAD,1.4107
14-05-2020,AUD,1.5572
14-05-2020,EUR,0.9266
14-05-2020,GBP,0.82
15-05-2020,USD,1
15-05-2020,CAD,1.4105
15-05-2020,AUD,1.5563
15-05-2020,EUR,0.9261
15-05-2020,GBP,0.8218
16-05-2020,USD,1
16-05-2020,CAD,1.4105
16-05-2020,AUD,1.5563
16-05-2020,EUR,0.9261
16-05-2020,GBP,0.8218
17-05-2020,USD,1
17-05-2020,CAD,1.4105
17-05-2020,AUD,1.5563
17-05-2020,EUR,0.9261
17-05-2020,GBP,0.8218
18-05-2020,USD,1
18-05-2020,CAD,1.4034
18-05-2020,AUD,1.5451
18-05-2020,EUR,0.9232
18-05-2020,GBP,0.8231
19-05-2020,USD,1
19-05-2020,CAD,1.3928
19-05-2020,AUD,1.5298
19-05-2020,EUR,0.9132
19-05-2020,GBP,0.8177
20-05-2020,USD,1
20-05-2020,CAD,1.3881
20-05-2020,AUD,1.5197
20-05-2020,EUR,0.9126
20-05-2020,GBP,0.8155
21-05-2020,USD,1
21-05-2020,CAD,1.3918
21-05-2020,AUD,1.5191
21-05-2020,EUR,0.9091
21-05-2020,GBP,0.8177
22-05-2020,USD,1
22-05-2020,CAD,1.4007
22-05-2020,AUD,1.531
22-05-2020,EUR,0.9171
22-05-2020,GBP,0.8214
23-05-2020,USD,1
23-05-2020,CAD,1.4007
23-05-2020,AUD,1.531
23-05-2020,EUR,0.9171
23-05-2020,GBP,0.8214
24-05-2020,USD,1
24-05-2020,CAD,1.4007
24-05-2020,AUD,1.531
24-05-2020,EUR,0.9171
24-05-2020,GBP,0.8214
25-05-2020,USD,1
25-05-2020,CAD,1.3988
25-05-2020,AUD,1.5287
25-05-2020,EUR,0.9166
25-05-2020,GBP,0.8205
26-05-2020,USD,1
26-05-2020,CAD,1.3835
26-05-2020,AUD,1.507
26-05-2020,EUR,0.9112
26-05-2020,GBP,0.8098
27-05-2020,USD,1
27-05-2020,CAD,1.3762
27-05-2020,AUD,1.5071
27-05-2020,EUR,0.9098
27-05-2020,GBP,0.8152
28-05-2020,USD,1
28-05-2020,CAD,1.3757
28-05-2020,AUD,1.5091
28-05-2020,EUR,0.9078
28-05-2020,GBP,0.8145
29-05-2020,USD,1
29-05-2020,CAD,1.3721
29-05-2020,AUD,1.4979
29-05-2020,EUR,0.898
29-05-2020,GBP,0.809
30-05-2020,USD,1
30-05-2020,CAD,1.3721
30-05-2020,AUD,1.4979
30-05-2020,EUR,0.898
30-05-2020,GBP,0.809
31-05-2020,USD,1
31-05-2020,CAD,1.3721
31-05-2020,AUD,1.4979
31-05-2020,EUR,0.898
31-05-2020,GBP,0.809
01-06-2020,USD,1
01-06-2020,CAD,1.3699
01-06-2020,AUD,1.4833
01-06-2020,EUR,0.8996
01-06-2020,GBP,0.8067
02-06-2020,USD,1
02-06-2020,CAD,1.3519
02-06-2020,AUD,1.4596
02-06-2020,EUR,0.8949
02-06-2020,GBP,0.7972
03-06-2020,USD,1
03-06-2020,CAD,1.3555
03-06-2020,AUD,1.4544
03-06-2020,EUR,0.8933
03-06-2020,GBP,0.7956
04-06-2020,USD,1
04-06-2020,CAD,1.3514
04-06-2020,AUD,1.4468
04-06-2020,EUR,0.8889
04-06-2020,GBP,0.7972
05-06-2020,USD,1
05-06-2020,CAD,1.3448
05-06-2020,AUD,1.4322
05-06-2020,EUR,0.8826
05-06-2020,GBP,0.7895
06-06-2020,USD,1
06-06-2020,CAD,1.3448
06-06-2020,AUD,1.4322
06-06-2020,EUR,0.8826
06-06-2020,GBP,0.7895
07-06-2020,USD,1
07-06-2020,CAD,1.3448
07-06-2020,AUD,1.4322
07-06-2020,EUR,0.8826
07-06-2020,GBP,0.7895
08-06-2020,USD,1
08-06-2020,CAD,1.3404
08-06-2020,AUD,1.4316
08-06-2020,EUR,0.8861
08-06-2020,GBP,0.7902
09-06-2020,USD,1
09-06-2020,CAD,1.3447
09-06-2020,AUD,1.4403
09-06-2020,EUR,0.8854
09-06-2020,GBP,0.7891
10-06-2020,USD,1
10-06-2020,CAD,1.3387
10-06-2020,AUD,1.4259
10-06-2020,EUR,0.8791
10-06-2020,GBP,0.7821
11-06-2020,USD,1
11-06-2020,CAD,1.3501
11-06-2020,AUD,1.447
11-06-2020,EUR,0.8812
11-06-2020,GBP,0.7901
12-06-2020,USD,1
12-06-2020,CAD,1.3577
12-06-2020,AUD,1.455
12-06-2020,EUR,0.8846
12-06-2020,GBP,0.7931
13-06-2020,USD,1
13-06-2020,CAD,1.3577
13-06-2020,AUD,1.455
13-06-2020,EUR,0.8846
13-06-2020,GBP,0.7931
14-06-2020,USD,1
14-06-2020,CAD,1.3577
14-06-2020,AUD,1.455
14-06-2020,EUR,0.8846
14-06-2020,GBP,0.7931
15-06-2020,USD,1
15-06-2020,CAD,1.3634
15-06-2020,AUD,1.4641
15-06-2020,EUR,0.8887
15-06-2020,GBP,0.7967
16-06-2020,USD,1
16-06-2020,CAD,1.3548
16-06-2020,AUD,1.4436
16-06-2020,EUR,0.8843
16-06-2020,GBP,0.7903
17-06-2020,USD,1
17-06-2020,CAD,1.3536
17-06-2020,AUD,1.4505
17-06-2020,EUR,0.8903
17-06-2020,GBP,0.7964
18-06-2020,USD,1
18-06-2020,CAD,1.3561
18-06-2020,AUD,1.4575
18-06-2020,EUR,0.8911
18-06-2020,GBP,0.8022
19-06-2020,USD,1
19-06-2020,CAD,1.3567
19-06-2020,AUD,1.4506
19-06-2020,EUR,0.8921
19-06-2020,GBP,0.8074
20-06-2020,USD,1
20-06-2020,CAD,1.3567
20-06-2020,AUD,1.4506
20-06-2020,EUR,0.8921
20-06-2020,GBP,0.8074
21-06-2020,USD,1
21-06-2020,CAD,1.3567
21-06-2020,AUD,1.4506
21-06-2020,EUR,0.8921
21-06-2020,GBP,0.8074
22-06-2020,USD,1
22-06-2020,CAD,1.3565
22-06-2020,AUD,1.453
22-06-2020,EUR,0.8918
22-06-2020,GBP,0.8056
23-06-2020,USD,1
23-06-2020,CAD,1.3491
23-06-2020,AUD,1.4377
23-06-2020,EUR,0.8835
23-06-2020,GBP,0.8008
24-06-2020,USD,1
24-06-2020,CAD,1.3591
24-06-2020,AUD,1.4488
24-06-2020,EUR,0.8865
24-06-2020,GBP,0.8009
25-06-2020,USD,1
25-06-2020,CAD,1.3645
25-06-2020,AUD,1.4572
25-06-2020,EUR,0.8929
25-06-2020,GBP,0.8048
26-06-2020,USD,1
26-06-2020,CAD,1.3661
26-06-2020,AUD,1.4548
26-06-2020,EUR,0.8918
26-06-2020,GBP,0.8078
27-06-2020,USD,1
27-06-2020,CAD,1.3661
27-06-2020,AUD,1.4548
27-06-2020,EUR,0.8918
27-06-2020,GBP,0.8078
28-06-2020,USD,1
28-06-2020,CAD,1.3661
28-06-2020,AUD,1.4548
28-06-2020,EUR,0.8918
28-06-2020,GBP,0.8078
29-06-2020,USD,1
29-06-2020,CAD,1.3656
29-06-2020,AUD,1.4539
29-06-2020,EUR,0.8862
29-06-2020,GBP,0.8112
30-06-2020,USD,1
30-06-2020,CAD,1.3685
30-06-2020,AUD,1.4595
30-06-2020,EUR,0.893
30-06-2020,GBP,0.8148
01-07-2020,USD,1
01-07-2020,CAD,1.3587
01-07-2020,AUD,1.4525
01-07-2020,EUR,0.8929
01-07-2020,GBP,0.8074
02-07-2020,USD,1
02-07-2020,CAD,1.3595
02-07-2020,AUD,1.4439
02-07-2020,EUR,0.8861
02-07-2020,GBP,0.7994
03-07-2020,USD,1
03-07-2020,CAD,1.3572
03-07-2020,AUD,1.4411
03-07-2020,EUR,0.8909
03-07-2020,GBP,0.8029
04-07-2020,USD,1
04-07-2020,CAD,1.3572
04-07-2020,AUD,1.4411
04-07-2020,EUR,0.8909
04-07-2020,GBP,0.8029
05-07-2020,USD,1
05-07-2020,CAD,1.3572
05-07-2020,AUD,1.4411
05-07-2020,EUR,0.8909
05-07-2020,GBP,0.8029
06-07-2020,USD,1
06-07-2020,CAD,1.3539
06-07-2020,AUD,1.4331
06-07-2020,EUR,0.883
06-07-2020,GBP,0.7992
07-07-2020,USD,1
07-07-2020,CAD,1.3567
07-07-2020,AUD,1.4403
07-07-2020,EUR,0.8857
07-07-2020,GBP,0.7985
08-07-2020,USD,1
08-07-2020,CAD,1.359
08-07-2020,AUD,1.4391
08-07-2020,EUR,0.8861
08-07-2020,GBP,0.7968
09-07-2020,USD,1
09-07-2020,CAD,1.3502
09-07-2020,AUD,1.4318
09-07-2020,EUR,0.8817
09-07-2020,GBP,0.7905
10-07-2020,USD,1
10-07-2020,CAD,1.3601
10-07-2020,AUD,1.4408
10-07-2020,EUR,0.8868
10-07-2020,GBP,0.7943
11-07-2020,USD,1
11-07-2020,CAD,1.3601
11-07-2020,AUD,1.4408
11-07-2020,EUR,0.8868
11-07-2020,GBP,0.7943
12-07-2020,USD,1
12-07-2020,CAD,1.3601
12-07-2020,AUD,1.4408
12-07-2020,EUR,0.8868
12-07-2020,GBP,0.7943
13-07-2020,USD,1
13-07-2020,CAD,1.3563
13-07-2020,AUD,1.4342
13-07-2020,EUR,0.8827
13-07-2020,GBP,0.7939
14-07-2020,USD,1
14-07-2020,CAD,1.3616
14-07-2020,AUD,1.4372
14-07-2020,EUR,0.8791
14-07-2020,GBP,0.798
15-07-2020,USD,1
15-07-2020,CAD,1.3568
15-07-2020,AUD,1.4237
15-07-2020,EUR,0.8738
15-07-2020,GBP,0.7912
16-07-2020,USD,1
16-07-2020,CAD,1.3538
16-07-2020,AUD,1.4314
16-07-2020,EUR,0.8761
16-07-2020,GBP,0.7962
17-07-2020,USD,1
17-07-2020,CAD,1.3572
17-07-2020,AUD,1.4316
17-07-2020,EUR,0.875
17-07-2020,GBP,0.797
18-07-2020,USD,1
18-07-2020,CAD,1.3572
18-07-2020,AUD,1.4316
18-07-2020,EUR,0.875
18-07-2020,GBP,0.797
19-07-2020,USD,1
19-07-2020,CAD,1.3572
19-07-2020,AUD,1.4316
19-07-2020,EUR,0.875
19-07-2020,GBP,0.797
20-07-2020,USD,1
20-07-2020,CAD,1.3567
20-07-2020,AUD,1.429
20-07-2020,EUR,0.8735
20-07-2020,GBP,0.7912
21-07-2020,USD,1
21-07-2020,CAD,1.3457
21-07-2020,AUD,1.4117
21-07-2020,EUR,0.8739
21-07-2020,GBP,0.787
22-07-2020,USD,1
22-07-2020,CAD,1.3422
22-07-2020,AUD,1.3939
22-07-2020,EUR,0.8637
22-07-2020,GBP,0.787
23-07-2020,USD,1
23-07-2020,CAD,1.3386
23-07-2020,AUD,1.4043
23-07-2020,EUR,0.8644
23-07-2020,GBP,0.7883
24-07-2020,USD,1
24-07-2020,CAD,1.342
24-07-2020,AUD,1.4108
24-07-2020,EUR,0.8615
24-07-2020,GBP,0.7838
25-07-2020,USD,1
25-07-2020,CAD,1.342
25-07-2020,AUD,1.4108
25-07-2020,EUR,0.8615
25-07-2020,GBP,0.7838
26-07-2020,USD,1
26-07-2020,CAD,1.342
26-07-2020,AUD,1.4108
26-07-2020,EUR,0.8615
26-07-2020,GBP,0.7838
27-07-2020,USD,1
27-07-2020,CAD,1.3375
27-07-2020,AUD,1.4007
27-07-2020,EUR,0.8503
27-07-2020,GBP,0.7767
28-07-2020,USD,1
28-07-2020,CAD,1.3393
28-07-2020,AUD,1.4007
28-07-2020,EUR,0.8535
28-07-2020,GBP,0.7764
29-07-2020,USD,1
29-07-2020,CAD,1.336
29-07-2020,AUD,1.3943
29-07-2020,EUR,0.8529
29-07-2020,GBP,0.7709
30-07-2020,USD,1
30-07-2020,CAD,1.343
30-07-2020,AUD,1.4005
30-07-2020,EUR,0.8516
30-07-2020,GBP,0.7687
31-07-2020,USD,1
31-07-2020,CAD,1.3418
31-07-2020,AUD,1.3916
31-07-2020,EUR,0.844
31-07-2020,GBP,0.7601
01-08-2020,USD,1
01-08-2020,CAD,1.3418
01-08-2020,AUD,1.3916
01-08-2020,EUR,0.844
01-08-2020,GBP,0.7601
02-08-2020,USD,1
02-08-2020,CAD,1.3418
02-08-2020,AUD,1.3916
02-08-2020,EUR,0.844
02-08-2020,GBP,0.7601
03-08-2020,USD,1
03-08-2020,CAD,1.3436
03-08-2020,AUD,1.4078
03-08-2020,EUR,0.8528
03-08-2020,GBP,0.7676
04-08-2020,USD,1
04-08-2020,CAD,1.3407
04-08-2020,AUD,1.402
04-08-2020,EUR,0.85
04-08-2020,GBP,0.7678
05-08-2020,USD,1
05-08-2020,CAD,1.3247
05-08-2020,AUD,1.3848
05-08-2020,EUR,0.8436
05-08-2020,GBP,0.7615
06-08-2020,USD,1
06-08-2020,CAD,1.3297
06-08-2020,AUD,1.3926
06-08-2020,EUR,0.8444
06-08-2020,GBP,0.7602
07-08-2020,USD,1
07-08-2020,CAD,1.3345
07-08-2020,AUD,1.3881
07-08-2020,EUR,0.8462
07-08-2020,GBP,0.7648
08-08-2020,USD,1
08-08-2020,CAD,1.3345
08-08-2020,AUD,1.3881
08-08-2020,EUR,0.8462
08-08-2020,GBP,0.7648
09-08-2020,USD,1
09-08-2020,CAD,1.3345
09-08-2020,AUD,1.3881
09-08-2020,EUR,0.8462
09-08-2020,GBP,0.7648
10-08-2020,USD,1
10-08-2020,CAD,1.338
10-08-2020,AUD,1.398
10-08-2020,EUR,0.8501
10-08-2020,GBP,0.7664
11-08-2020,USD,1
11-08-2020,CAD,1.3287
11-08-2020,AUD,1.3923
11-08-2020,EUR,0.8487
11-08-2020,GBP,0.7625
12-08-2020,USD,1
12-08-2020,CAD,1.329
12-08-2020,AUD,1.4029
12-08-2020,EUR,0.8495
12-08-2020,GBP,0.7686
13-08-2020,USD,1
13-08-2020,CAD,1.3215
13-08-2020,AUD,1.3963
13-08-2020,EUR,0.8451
13-08-2020,GBP,0.7637
14-08-2020,USD,1
14-08-2020,CAD,1.3247
14-08-2020,AUD,1.3989
14-08-2020,EUR,0.8465
14-08-2020,GBP,0.7633
15-08-2020,USD,1
15-08-2020,CAD,1.3247
15-08-2020,AUD,1.3989
15-08-2020,EUR,0.8465
15-08-2020,GBP,0.7633
16-08-2020,USD,1
16-08-2020,CAD,1.3247
16-08-2020,AUD,1.3989
16-08-2020,EUR,0.8465
16-08-2020,GBP,0.7633
17-08-2020,USD,1
17-08-2020,CAD,1.3232
17-08-2020,AUD,1.3908
17-08-2020,EUR,0.8437
17-08-2020,GBP,0.7646
18-08-2020,USD,1
18-08-2020,CAD,1.3163
18-08-2020,AUD,1.3814
18-08-2020,EUR,0.8399
18-08-2020,GBP,0.7591
19-08-2020,USD,1
19-08-2020,CAD,1.3147
19-08-2020,AUD,1.3767
19-08-2020,EUR,0.838
19-08-2020,GBP,0.7571
20-08-2020,USD,1
20-08-2020,CAD,1.321
20-08-2020,AUD,1.3961
20-08-2020,EUR,0.8439
20-08-2020,GBP,0.761
21-08-2020,USD,1
21-08-2020,CAD,1.3224
21-08-2020,AUD,1.3971
21-08-2020,EUR,0.8497
21-08-2020,GBP,0.7626
22-08-2020,USD,1
22-08-2020,CAD,1.3224
22-08-2020,AUD,1.3971
22-08-2020,EUR,0.8497
22-08-2020,GBP,0.7626
23-08-2020,USD,1
23-08-2020,CAD,1.3224
23-08-2020,AUD,1.3971
23-08-2020,EUR,0.8497
23-08-2020,GBP,0.7626
24-08-2020,USD,1
24-08-2020,CAD,1.3146
24-08-2020,AUD,1.3889
24-08-2020,EUR,0.8441
24-08-2020,GBP,0.7612
25-08-2020,USD,1
25-08-2020,CAD,1.3202
25-08-2020,AUD,1.3943
25-08-2020,EUR,0.8465
25-08-2020,GBP,0.7613
26-08-2020,USD,1
26-08-2020,CAD,1.3184
26-08-2020,AUD,1.3887
26-08-2020,EUR,0.8482
26-08-2020,GBP,0.7608
27-08-2020,USD,1
27-08-2020,CAD,1.3147
27-08-2020,AUD,1.3799
27-08-2020,EUR,0.847
27-08-2020,GBP,0.7581
28-08-2020,USD,1
28-08-2020,CAD,1.3053
28-08-2020,AUD,1.361
28-08-2020,EUR,0.8393
28-08-2020,GBP,0.7509
29-08-2020,USD,1
29-08-2020,CAD,1.3053
29-08-2020,AUD,1.361
29-08-2020,EUR,0.8393
29-08-2020,GBP,0.7509
30-08-2020,USD,1
30-08-2020,CAD,1.3053
30-08-2020,AUD,1.361
30-08-2020,EUR,0.8393
30-08-2020,GBP,0.7509
31-08-2020,USD,1
31-08-2020,CAD,1.3066
31-08-2020,AUD,1.358
31-08-2020,EUR,0.8375
31-08-2020,GBP,0.7505
01-09-2020,USD,1
01-09-2020,CAD,1.3014
01-09-2020,AUD,1.355
01-09-2020,EUR,0.8342
01-09-2020,GBP,0.7423
02-09-2020,USD,1
02-09-2020,CAD,1.3064
02-09-2020,AUD,1.3634
02-09-2020,EUR,0.8431
02-09-2020,GBP,0.749
03-09-2020,USD,1
03-09-2020,CAD,1.3114
03-09-2020,AUD,1.373
03-09-2020,EUR,0.8465
03-09-2020,GBP,0.7546
04-09-2020,USD,1
04-09-2020,CAD,1.3096
04-09-2020,AUD,1.3757
04-09-2020,EUR,0.8445
04-09-2020,GBP,0.7543
05-09-2020,USD,1
05-09-2020,CAD,1.3096
05-09-2020,AUD,1.3757
05-09-2020,EUR,0.8445
05-09-2020,GBP,0.7543
06-09-2020,USD,1
06-09-2020,CAD,1.3096
06-09-2020,AUD,1.3757
06-09-2020,EUR,0.8445
06-09-2020,GBP,0.7543
07-09-2020,USD,1
07-09-2020,CAD,1.3095
07-09-2020,AUD,1.3728
07-09-2020,EUR,0.8457
07-09-2020,GBP,0.7598
08-09-2020,USD,1
08-09-2020,CAD,1.3172
08-09-2020,AUD,1.3819
08-09-2020,EUR,0.8485
08-09-2020,GBP,0.7675
09-09-2020,USD,1
09-09-2020,CAD,1.3219
09-09-2020,AUD,1.3815
09-09-2020,EUR,0.8494
09-09-2020,GBP,0.7748
10-09-2020,USD,1
10-09-2020,CAD,1.3154
10-09-2020,AUD,1.3741
10-09-2020,EUR,0.844
10-09-2020,GBP,0.773
11-09-2020,USD,1
11-09-2020,CAD,1.3179
11-09-2020,AUD,1.3703
11-09-2020,EUR,0.8436
11-09-2020,GBP,0.7796
12-09-2020,USD,1
12-09-2020,CAD,1.3179
12-09-2020,AUD,1.3703
12-09-2020,EUR,0.8436
12-09-2020,GBP,0.7796
13-09-2020,USD,1
13-09-2020,CAD,1.3179
13-09-2020,AUD,1.3703
13-09-2020,EUR,0.8436
13-09-2020,GBP,0.7796
14-09-2020,USD,1
14-09-2020,CAD,1.317
14-09-2020,AUD,1.3748
14-09-2020,EUR,0.842
14-09-2020,GBP,0.7763
15-09-2020,USD,1
15-09-2020,CAD,1.3147
15-09-2020,AUD,1.3639
15-09-2020,EUR,0.8409
15-09-2020,GBP,0.7744
16-09-2020,USD,1
16-09-2020,CAD,1.3167
16-09-2020,AUD,1.3627
16-09-2020,EUR,0.8425
16-09-2020,GBP,0.7703
17-09-2020,USD,1
17-09-2020,CAD,1.3196
17-09-2020,AUD,1.3692
17-09-2020,EUR,0.8477
17-09-2020,GBP,0.7759
18-09-2020,USD,1
18-09-2020,CAD,1.3184
18-09-2020,AUD,1.3726
18-09-2020,EUR,0.8451
18-09-2020,GBP,0.7717
19-09-2020,USD,1
19-09-2020,CAD,1.3184
19-09-2020,AUD,1.3726
19-09-2020,EUR,0.8451
19-09-2020,GBP,0.7717
20-09-2020,USD,1
20-09-2020,CAD,1.3184
20-09-2020,AUD,1.3726
20-09-2020,EUR,0.8451
20-09-2020,GBP,0.7717
21-09-2020,USD,1
21-09-2020,CAD,1.3238
21-09-2020,AUD,1.3778
21-09-2020,EUR,0.8484
21-09-2020,GBP,0.7772
22-09-2020,USD,1
22-09-2020,CAD,1.3314
22-09-2020,AUD,1.3874
22-09-2020,EUR,0.8518
22-09-2020,GBP,0.7815
23-09-2020,USD,1
23-09-2020,CAD,1.3337
23-09-2020,AUD,1.406
23-09-2020,EUR,0.8553
23-09-2020,GBP,0.7859
24-09-2020,USD,1
24-09-2020,CAD,1.3396
24-09-2020,AUD,1.4203
24-09-2020,EUR,0.8587
24-09-2020,GBP,0.7834
25-09-2020,USD,1
25-09-2020,CAD,1.3375
25-09-2020,AUD,1.4224
25-09-2020,EUR,0.8595
25-09-2020,GBP,0.7851
26-09-2020,USD,1
26-09-2020,CAD,1.3375
26-09-2020,AUD,1.4224
26-09-2020,EUR,0.8595
26-09-2020,GBP,0.7851
27-09-2020,USD,1
27-09-2020,CAD,1.3375
27-09-2020,AUD,1.4224
27-09-2020,EUR,0.8595
27-09-2020,GBP,0.7851
28-09-2020,USD,1
28-09-2020,CAD,1.3385
28-09-2020,AUD,1.415
28-09-2020,EUR,0.8569
28-09-2020,GBP,0.7756
29-09-2020,USD,1
29-09-2020,CAD,1.3378
29-09-2020,AUD,1.4025
29-09-2020,EUR,0.8546
29-09-2020,GBP,0.7773
30-09-2020,USD,1
30-09-2020,CAD,1.3389
30-09-2020,AUD,1.404
30-09-2020,EUR,0.8541
30-09-2020,GBP,0.7793
01-10-2020,USD,1
01-10-2020,CAD,1.3288
01-10-2020,AUD,1.3886
01-10-2020,EUR,0.8509
01-10-2020,GBP,0.772
02-10-2020,USD,1
02-10-2020,CAD,1.3302
02-10-2020,AUD,1.3957
02-10-2020,EUR,0.8525
02-10-2020,GBP,0.773
03-10-2020,USD,1
03-10-2020,CAD,1.3302
03-10-2020,AUD,1.3957
03-10-2020,EUR,0.8525
03-10-2020,GBP,0.773
04-10-2020,USD,1
04-10-2020,CAD,1.3302
04-10-2020,AUD,1.3957
04-10-2020,EUR,0.8525
04-10-2020,GBP,0.773
05-10-2020,USD,1
05-10-2020,CAD,1.3268
05-10-2020,AUD,1.3918
05-10-2020,EUR,0.8498
05-10-2020,GBP,0.7717
06-10-2020,USD,1
06-10-2020,CAD,1.3251
06-10-2020,AUD,1.3965
06-10-2020,EUR,0.8478
06-10-2020,GBP,0.772
07-10-2020,USD,1
07-10-2020,CAD,1.3288
07-10-2020,AUD,1.4019
07-10-2020,EUR,0.8496
07-10-2020,GBP,0.7767
08-10-2020,USD,1
08-10-2020,CAD,1.3245
08-10-2020,AUD,1.3958
08-10-2020,EUR,0.85
08-10-2020,GBP,0.7738
09-10-2020,USD,1
09-10-2020,CAD,1.3177
09-10-2020,AUD,1.3908
09-10-2020,EUR,0.8478
09-10-2020,GBP,0.7729
10-10-2020,USD,1
10-10-2020,CAD,1.3177
10-10-2020,AUD,1.3908
10-10-2020,EUR,0.8478
10-10-2020,GBP,0.7729
11-10-2020,USD,1
11-10-2020,CAD,1.3177
11-10-2020,AUD,1.3908
11-10-2020,EUR,0.8478
11-10-2020,GBP,0.7729
12-10-2020,USD,1
12-10-2020,CAD,1.3131
12-10-2020,AUD,1.3863
12-10-2020,EUR,0.8475
12-10-2020,GBP,0.7678
13-10-2020,USD,1
13-10-2020,CAD,1.3108
13-10-2020,AUD,1.3916
13-10-2020,EUR,0.8484
13-10-2020,GBP,0.7686
14-10-2020,USD,1
14-10-2020,CAD,1.3134
14-10-2020,AUD,1.3939
14-10-2020,EUR,0.8511
14-10-2020,GBP,0.7693
15-10-2020,USD,1
15-10-2020,CAD,1.321
15-10-2020,AUD,1.4151
15-10-2020,EUR,0.8548
15-10-2020,GBP,0.7739
16-10-2020,USD,1
16-10-2020,CAD,1.3199
16-10-2020,AUD,1.41
16-10-2020,EUR,0.8517
16-10-2020,GBP,0.7743
17-10-2020,USD,1
17-10-2020,CAD,1.3199
17-10-2020,AUD,1.41
17-10-2020,EUR,0.8517
17-10-2020,GBP,0.7743
18-10-2020,USD,1
18-10-2020,CAD,1.3199
18-10-2020,AUD,1.41
18-10-2020,EUR,0.8517
18-10-2020,GBP,0.7743
19-10-2020,USD,1
19-10-2020,CAD,1.3172
19-10-2020,AUD,1.4064
19-10-2020,EUR,0.8485
19-10-2020,GBP,0.7687
20-10-2020,USD,1
20-10-2020,CAD,1.319
20-10-2020,AUD,1.4226
20-10-2020,EUR,0.8467
20-10-2020,GBP,0.7733
21-10-2020,USD,1
21-10-2020,CAD,1.3126
21-10-2020,AUD,1.4118
21-10-2020,EUR,0.8437
21-10-2020,GBP,0.7657
22-10-2020,USD,1
22-10-2020,CAD,1.3162
22-10-2020,AUD,1.408
22-10-2020,EUR,0.846
22-10-2020,GBP,0.7637
23-10-2020,USD,1
23-10-2020,CAD,1.3127
23-10-2020,AUD,1.3983
23-10-2020,EUR,0.8435
23-10-2020,GBP,0.7648
24-10-2020,USD,1
24-10-2020,CAD,1.3127
24-10-2020,AUD,1.3983
24-10-2020,EUR,0.8435
24-10-2020,GBP,0.7648
25-10-2020,USD,1
25-10-2020,CAD,1.3127
25-10-2020,AUD,1.3983
25-10-2020,EUR,0.8435
25-10-2020,GBP,0.7648
26-10-2020,USD,1
26-10-2020,CAD,1.3182
26-10-2020,AUD,1.4038
26-10-2020,EUR,0.8461
26-10-2020,GBP,0.7679
27-10-2020,USD,1
27-10-2020,CAD,1.3175
27-10-2020,AUD,1.4017
27-10-2020,EUR,0.8452
27-10-2020,GBP,0.7667
28-10-2020,USD,1
28-10-2020,CAD,1.3284
28-10-2020,AUD,1.4158
28-10-2020,EUR,0.8527
28-10-2020,GBP,0.7731
29-10-2020,USD,1
29-10-2020,CAD,1.3378
29-10-2020,AUD,1.4246
29-10-2020,EUR,0.8544
29-10-2020,GBP,0.7726
30-10-2020,USD,1
30-10-2020,CAD,1.3298
30-10-2020,AUD,1.4159
30-10-2020,EUR,0.8548
30-10-2020,GBP,0.7711
31-10-2020,USD,1
31-10-2020,CAD,1.3298
31-10-2020,AUD,1.4159
31-10-2020,EUR,0.8548
31-10-2020,GBP,0.7711
01-11-2020,USD,1
01-11-2020,CAD,1.3298
01-11-2020,AUD,1.4159
01-11-2020,EUR,0.8548
01-11-2020,GBP,0.7711
02-11-2020,USD,1
02-11-2020,CAD,1.3273
02-11-2020,AUD,1.4189
02-11-2020,EUR,0.8582
02-11-2020,GBP,0.7729
03-11-2020,USD,1
03-11-2020,CAD,1.3147
03-11-2020,AUD,1.402
03-11-2020,EUR,0.8546
03-11-2020,GBP,0.7695
04-11-2020,USD,1
04-11-2020,CAD,1.3148
04-11-2020,AUD,1.3946
04-11-2020,EUR,0.8532
04-11-2020,GBP,0.7675
05-11-2020,USD,1
05-11-2020,CAD,1.3056
05-11-2020,AUD,1.3797
05-11-2020,EUR,0.8435
05-11-2020,GBP,0.763
06-11-2020,USD,1
06-11-2020,CAD,1.3079
06-11-2020,AUD,1.3782
06-11-2020,EUR,0.8425
06-11-2020,GBP,0.7618
07-11-2020,USD,1
07-11-2020,CAD,1.3079
07-11-2020,AUD,1.3782
07-11-2020,EUR,0.8425
07-11-2020,GBP,0.7618
08-11-2020,USD,1
08-11-2020,CAD,1.3079
08-11-2020,AUD,1.3782
08-11-2020,EUR,0.8425
08-11-2020,GBP,0.7618
09-11-2020,USD,1
09-11-2020,CAD,1.295
09-11-2020,AUD,1.3662
09-11-2020,EUR,0.8415
09-11-2020,GBP,0.7593
10-11-2020,USD,1
10-11-2020,CAD,1.3036
10-11-2020,AUD,1.3751
10-11-2020,EUR,0.8469
10-11-2020,GBP,0.7553
11-11-2020,USD,1
11-11-2020,CAD,1.3058
11-11-2020,AUD,1.3745
11-11-2020,EUR,0.8499
11-11-2020,GBP,0.7559
12-11-2020,USD,1
12-11-2020,CAD,1.3097
12-11-2020,AUD,1.3793
12-11-2020,EUR,0.8481
12-11-2020,GBP,0.7613
13-11-2020,USD,1
13-11-2020,CAD,1.3143
13-11-2020,AUD,1.3796
13-11-2020,EUR,0.8464
13-11-2020,GBP,0.7591
14-11-2020,USD,1
14-11-2020,CAD,1.3143
14-11-2020,AUD,1.3796
14-11-2020,EUR,0.8464
14-11-2020,GBP,0.7591
15-11-2020,USD,1
15-11-2020,CAD,1.3143
15-11-2020,AUD,1.3796
15-11-2020,EUR,0.8464
15-11-2020,GBP,0.7591
16-11-2020,USD,1
16-11-2020,CAD,1.3082
16-11-2020,AUD,1.3716
16-11-2020,EUR,0.8453
16-11-2020,GBP,0.7592
17-11-2020,USD,1
17-11-2020,CAD,1.3095
17-11-2020,AUD,1.3664
17-11-2020,EUR,0.8416
17-11-2020,GBP,0.754
18-11-2020,USD,1
18-11-2020,CAD,1.3072
18-11-2020,AUD,1.3672
18-11-2020,EUR,0.8426
18-11-2020,GBP,0.7531
19-11-2020,USD,1
19-11-2020,CAD,1.3101
19-11-2020,AUD,1.3753
19-11-2020,EUR,0.8452
19-11-2020,GBP,0.7554
20-11-2020,USD,1
20-11-2020,CAD,1.3052
20-11-2020,AUD,1.3679
20-11-2020,EUR,0.843
20-11-2020,GBP,0.7535
21-11-2020,USD,1
21-11-2020,CAD,1.3052
21-11-2020,AUD,1.3679
21-11-2020,EUR,0.843
21-11-2020,GBP,0.7535
22-11-2020,USD,1
22-11-2020,CAD,1.3052
22-11-2020,AUD,1.3679
22-11-2020,EUR,0.843
22-11-2020,GBP,0.7535
23-11-2020,USD,1
23-11-2020,CAD,1.3049
23-11-2020,AUD,1.364
23-11-2020,EUR,0.8403
23-11-2020,GBP,0.7469
24-11-2020,USD,1
24-11-2020,CAD,1.3067
24-11-2020,AUD,1.3633
24-11-2020,EUR,0.8428
24-11-2020,GBP,0.7502
25-11-2020,USD,1
25-11-2020,CAD,1.3018
25-11-2020,AUD,1.3616
25-11-2020,EUR,0.841
25-11-2020,GBP,0.7496
26-11-2020,USD,1
26-11-2020,CAD,1.3002
26-11-2020,AUD,1.3582
26-11-2020,EUR,0.8403
26-11-2020,GBP,0.749
27-11-2020,USD,1
27-11-2020,CAD,1.2999
27-11-2020,AUD,1.3573
27-11-2020,EUR,0.8388
27-11-2020,GBP,0.7502
28-11-2020,USD,1
28-11-2020,CAD,1.2999
28-11-2020,AUD,1.3573
28-11-2020,EUR,0.8388
28-11-2020,GBP,0.7502
29-11-2020,USD,1
29-11-2020,CAD,1.2999
29-11-2020,AUD,1.3573
29-11-2020,EUR,0.8388
29-11-2020,GBP,0.7502
30-11-2020,USD,1
30-11-2020,CAD,1.2952
30-11-2020,AUD,1.3561
30-11-2020,EUR,0.8347
30-11-2020,GBP,0.75
01-12-2020,USD,1
01-12-2020,CAD,1.297
01-12-2020,AUD,1.3598
01-12-2020,EUR,0.8356
01-12-2020,GBP,0.7503
02-12-2020,USD,1
02-12-2020,CAD,1.2945
02-12-2020,AUD,1.3579
02-12-2020,EUR,0.8288
02-12-2020,GBP,0.75
03-12-2020,USD,1
03-12-2020,CAD,1.2914
03-12-2020,AUD,1.3465
03-12-2020,EUR,0.823
03-12-2020,GBP,0.7436
04-12-2020,USD,1
04-12-2020,CAD,1.2857
04-12-2020,AUD,1.3477
04-12-2020,EUR,0.8224
04-12-2020,GBP,0.7425
05-12-2020,USD,1
05-12-2020,CAD,1.2857
05-12-2020,AUD,1.3477
05-12-2020,EUR,0.8224
05-12-2020,GBP,0.7425
06-12-2020,USD,1
06-12-2020,CAD,1.2857
06-12-2020,AUD,1.3477
06-12-2020,EUR,0.8224
06-12-2020,GBP,0.7425
07-12-2020,USD,1
07-12-2020,CAD,1.2811
07-12-2020,AUD,1.3501
07-12-2020,EUR,0.8245
07-12-2020,GBP,0.7521
08-12-2020,USD,1
08-12-2020,CAD,1.2802
08-12-2020,AUD,1.3484
08-12-2020,EUR,0.8255
08-12-2020,GBP,0.7524
09-12-2020,USD,1
09-12-2020,CAD,1.2777
09-12-2020,AUD,1.3366
09-12-2020,EUR,0.8258
09-12-2020,GBP,0.7432
10-12-2020,USD,1
10-12-2020,CAD,1.2758
10-12-2020,AUD,1.334
10-12-2020,EUR,0.8254
10-12-2020,GBP,0.752
11-12-2020,USD,1
11-12-2020,CAD,1.2771
11-12-2020,AUD,1.3268
11-12-2020,EUR,0.8246
11-12-2020,GBP,0.7611
12-12-2020,USD,1
12-12-2020,CAD,1.2771
12-12-2020,AUD,1.3268
12-12-2020,EUR,0.8246
12-12-2020,GBP,0.7611
13-12-2020,USD,1
13-12-2020,CAD,1.2771
13-12-2020,AUD,1.3268
13-12-2020,EUR,0.8246
13-12-2020,GBP,0.7611
14-12-2020,USD,1
14-12-2020,CAD,1.2725
14-12-2020,AUD,1.3208
14-12-2020,EUR,0.8222
14-12-2020,GBP,0.7458
15-12-2020,USD,1
15-12-2020,CAD,1.2745
15-12-2020,AUD,1.3273
15-12-2020,EUR,0.8237
15-12-2020,GBP,0.7479
16-12-2020,USD,1
16-12-2020,CAD,1.2758
16-12-2020,AUD,1.3211
16-12-2020,EUR,0.8204
16-12-2020,GBP,0.738
17-12-2020,USD,1
17-12-2020,CAD,1.2695
17-12-2020,AUD,1.3108
17-12-2020,EUR,0.8166
17-12-2020,GBP,0.7353
18-12-2020,USD,1
18-12-2020,CAD,1.2756
18-12-2020,AUD,1.3139
18-12-2020,EUR,0.8157
18-12-2020,GBP,0.7409
19-12-2020,USD,1
19-12-2020,CAD,1.2756
19-12-2020,AUD,1.3139
19-12-2020,EUR,0.8157
19-12-2020,GBP,0.7409
20-12-2020,USD,1
20-12-2020,CAD,1.2756
20-12-2020,AUD,1.3139
20-12-2020,EUR,0.8157
20-12-2020,GBP,0.7409
21-12-2020,USD,1
21-12-2020,CAD,1.2886
21-12-2020,AUD,1.3308
21-12-2020,EUR,0.8215
21-12-2020,GBP,0.7526
22-12-2020,USD,1
22-12-2020,CAD,1.2871
22-12-2020,AUD,1.3229
22-12-2020,EUR,0.8171
22-12-2020,GBP,0.7447
23-12-2020,USD,1
23-12-2020,CAD,1.2881
23-12-2020,AUD,1.3248
23-12-2020,EUR,0.822
23-12-2020,GBP,0.7455
24-12-2020,USD,1
24-12-2020,CAD,1.284
24-12-2020,AUD,1.3154
24-12-2020,EUR,0.8201
24-12-2020,GBP,0.7364
25-12-2020,USD,1
25-12-2020,CAD,1.284
25-12-2020,AUD,1.3154
25-12-2020,EUR,0.8201
25-12-2020,GBP,0.7364
26-12-2020,USD,1
26-12-2020,CAD,1.284
26-12-2020,AUD,1.3154
26-12-2020,EUR,0.8201
26-12-2020,GBP,0.7364
27-12-2020,USD,1
27-12-2020,CAD,1.284
27-12-2020,AUD,1.3154
27-12-2020,EUR,0.8201
27-12-2020,GBP,0.7364
28-12-2020,USD,1
28-12-2020,CAD,1.283
28-12-2020,AUD,1.3162
28-12-2020,EUR,0.8184
28-12-2020,GBP,0.7399
29-12-2020,USD,1
29-12-2020,CAD,1.2818
29-12-2020,AUD,1.315
29-12-2020,EUR,0.8157
29-12-2020,GBP,0.7412
30-12-2020,USD,1
30-12-2020,CAD,1.2785
30-12-2020,AUD,1.3049
30-12-2020,EUR,0.8143
30-12-2020,GBP,0.7353
31-12-2020,USD,1
31-12-2020,CAD,1.274
31-12-2020,AUD,1.2954
31-12-2020,EUR,0.8149
31-12-2020,GBP,0.7326
01-01-2021,USD,1
01-01-2021,CAD,1.274
01-01-2021,AUD,1.2954
01-01-2021,EUR,0.8149
01-01-2021,GBP,0.7326
02-01-2021,USD,1
02-01-2021,CAD,1.274
02-01-2021,AUD,1.2954
02-01-2021,EUR,0.8149
02-01-2021,GBP,0.7326
03-01-2021,USD,1
03-01-2021,CAD,1.274
03-01-2021,AUD,1.2954
03-01-2021,EUR,0.8149
03-01-2021,GBP,0.7326
04-01-2021,USD,1
04-01-2021,CAD,1.2704
04-01-2021,AUD,1.2954
04-01-2021,EUR,0.8133
04-01-2021,GBP,0.7332
05-01-2021,USD,1
05-01-2021,CAD,1.2754
05-01-2021,AUD,1.2979
05-01-2021,EUR,0.8149
05-01-2021,GBP,0.7362
06-01-2021,USD,1
06-01-2021,CAD,1.2676
06-01-2021,AUD,1.2825
06-01-2021,EUR,0.8105
06-01-2021,GBP,0.7346
07-01-2021,USD,1
07-01-2021,CAD,1.2709
07-01-2021,AUD,1.29
07-01-2021,EUR,0.8146
07-01-2021,GBP,0.7347
08-01-2021,USD,1
08-01-2021,CAD,1.2688
08-01-2021,AUD,1.2864
08-01-2021,EUR,0.8163
08-01-2021,GBP,0.7357
09-01-2021,USD,1
09-01-2021,CAD,1.2688
09-01-2021,AUD,1.2864
09-01-2021,EUR,0.8163
09-01-2021,GBP,0.7357
10-01-2021,USD,1
10-01-2021,CAD,1.2688
10-01-2021,AUD,1.2864
10-01-2021,EUR,0.8163
10-01-2021,GBP,0.7357
11-01-2021,USD,1
11-01-2021,CAD,1.2785
11-01-2021,AUD,1.2976
11-01-2021,EUR,0.8222
11-01-2021,GBP,0.7419
12-01-2021,USD,1
12-01-2021,CAD,1.2754
12-01-2021,AUD,1.2945
12-01-2021,EUR,0.8223
12-01-2021,GBP,0.7355
13-01-2021,USD,1
13-01-2021,CAD,1.273
13-01-2021,AUD,1.2933
13-01-2021,EUR,0.822
13-01-2021,GBP,0.7314
14-01-2021,USD,1
14-01-2021,CAD,1.2686
14-01-2021,AUD,1.2902
14-01-2021,EUR,0.8248
14-01-2021,GBP,0.7336
15-01-2021,USD,1
15-01-2021,CAD,1.2714
15-01-2021,AUD,1.2934
15-01-2021,EUR,0.8249
15-01-2021,GBP,0.7341
16-01-2021,USD,1
16-01-2021,CAD,1.2714
16-01-2021,AUD,1.2934
16-01-2021,EUR,0.8249
16-01-2021,GBP,0.7341
17-01-2021,USD,1
17-01-2021,CAD,1.2714
17-01-2021,AUD,1.2934
17-01-2021,EUR,0.8249
17-01-2021,GBP,0.7341
18-01-2021,USD,1
18-01-2021,CAD,1.2776
18-01-2021,AUD,1.3031
18-01-2021,EUR,0.8289
18-01-2021,GBP,0.7383
19-01-2021,USD,1
19-01-2021,CAD,1.2725
19-01-2021,AUD,1.296
19-01-2021,EUR,0.8243
19-01-2021,GBP,0.7344
20-01-2021,USD,1
20-01-2021,CAD,1.2709
20-01-2021,AUD,1.2946
20-01-2021,EUR,0.8264
20-01-2021,GBP,0.7319
21-01-2021,USD,1
21-01-2021,CAD,1.2621
21-01-2021,AUD,1.286
21-01-2021,EUR,0.8225
21-01-2021,GBP,0.7289
22-01-2021,USD,1
22-01-2021,CAD,1.2714
22-01-2021,AUD,1.2971
22-01-2021,EUR,0.8225
22-01-2021,GBP,0.7324
23-01-2021,USD,1
23-01-2021,CAD,1.2714
23-01-2021,AUD,1.2971
23-01-2021,EUR,0.8225
23-01-2021,GBP,0.7324
24-01-2021,USD,1
24-01-2021,CAD,1.2714
24-01-2021,AUD,1.2971
24-01-2021,EUR,0.8225
24-01-2021,GBP,0.7324
25-01-2021,USD,1
25-01-2021,CAD,1.2721
25-01-2021,AUD,1.2943
25-01-2021,EUR,0.8229
25-01-2021,GBP,0.7307
26-01-2021,USD,1
26-01-2021,CAD,1.2718
26-01-2021,AUD,1.2937
26-01-2021,EUR,0.8235
26-01-2021,GBP,0.7304
27-01-2021,USD,1
27-01-2021,CAD,1.2756
27-01-2021,AUD,1.2997
27-01-2021,EUR,0.8255
27-01-2021,GBP,0.7297
28-01-2021,USD,1
28-01-2021,CAD,1.2872
28-01-2021,AUD,1.3162
28-01-2021,EUR,0.8271
28-01-2021,GBP,0.7328
29-01-2021,USD,1
29-01-2021,CAD,1.2788
29-01-2021,AUD,1.3035
29-01-2021,EUR,0.824
29-01-2021,GBP,0.7283
30-01-2021,USD,1
30-01-2021,CAD,1.2788
30-01-2021,AUD,1.3035
30-01-2021,EUR,0.824
30-01-2021,GBP,0.7283
31-01-2021,USD,1
31-01-2021,CAD,1.2788
31-01-2021,AUD,1.3035
31-01-2021,EUR,0.824
31-01-2021,GBP,0.7283
01-02-2021,USD,1
01-02-2021,CAD,1.2805
01-02-2021,AUD,1.3101
01-02-2021,EUR,0.8275
01-02-2021,GBP,0.7299
02-02-2021,USD,1
02-02-2021,CAD,1.2805
02-02-2021,AUD,1.3158
02-02-2021,EUR,0.8303
02-02-2021,GBP,0.7313
03-02-2021,USD,1
03-02-2021,CAD,1.2793
03-02-2021,AUD,1.3132
03-02-2021,EUR,0.8322
03-02-2021,GBP,0.7335
04-02-2021,USD,1
04-02-2021,CAD,1.2803
04-02-2021,AUD,1.311
04-02-2021,EUR,0.8336
04-02-2021,GBP,0.731
05-02-2021,USD,1
05-02-2021,CAD,1.2805
05-02-2021,AUD,1.3153
05-02-2021,EUR,0.8345
05-02-2021,GBP,0.7305
06-02-2021,USD,1
06-02-2021,CAD,1.2805
06-02-2021,AUD,1.3153
06-02-2021,EUR,0.8345
06-02-2021,GBP,0.7305
07-02-2021,USD,1
07-02-2021,CAD,1.2805
07-02-2021,AUD,1.3153
07-02-2021,EUR,0.8345
07-02-2021,GBP,0.7305
08-02-2021,USD,1
08-02-2021,CAD,1.2776
08-02-2021,AUD,1.305
08-02-2021,EUR,0.8316
08-02-2021,GBP,0.7304
09-02-2021,USD,1
09-02-2021,CAD,1.2735
09-02-2021,AUD,1.2955
09-02-2021,EUR,0.8262
09-02-2021,GBP,0.7256
10-02-2021,USD,1
10-02-2021,CAD,1.2694
10-02-2021,AUD,1.2931
10-02-2021,EUR,0.8246
10-02-2021,GBP,0.7228
11-02-2021,USD,1
11-02-2021,CAD,1.2665
11-02-2021,AUD,1.2874
11-02-2021,EUR,0.8232
11-02-2021,GBP,0.7224
12-02-2021,USD,1
12-02-2021,CAD,1.2734
12-02-2021,AUD,1.2939
12-02-2021,EUR,0.8259
12-02-2021,GBP,0.7248
13-02-2021,USD,1
13-02-2021,CAD,1.2734
13-02-2021,AUD,1.2939
13-02-2021,EUR,0.8259
13-02-2021,GBP,0.7248
14-02-2021,USD,1
14-02-2021,CAD,1.2734
14-02-2021,AUD,1.2939
14-02-2021,EUR,0.8259
14-02-2021,GBP,0.7248
15-02-2021,USD,1
15-02-2021,CAD,1.2652
15-02-2021,AUD,1.2863
15-02-2021,EUR,0.8245
15-02-2021,GBP,0.7191
16-02-2021,USD,1
16-02-2021,CAD,1.2653
16-02-2021,AUD,1.2858
16-02-2021,EUR,0.8235
16-02-2021,GBP,0.7192
17-02-2021,USD,1
17-02-2021,CAD,1.269
17-02-2021,AUD,1.2913
17-02-2021,EUR,0.8292
17-02-2021,GBP,0.7211
18-02-2021,USD,1
18-02-2021,CAD,1.2667
18-02-2021,AUD,1.2842
18-02-2021,EUR,0.8275
18-02-2021,GBP,0.7162
19-02-2021,USD,1
19-02-2021,CAD,1.261
19-02-2021,AUD,1.2723
19-02-2021,EUR,0.8238
19-02-2021,GBP,0.7126
20-02-2021,USD,1
20-02-2021,CAD,1.261
20-02-2021,AUD,1.2723
20-02-2021,EUR,0.8238
20-02-2021,GBP,0.7126
